OverallQual,YearBuilt,YearRemodAdd,ExterQual,BsmtQual,TotalBsmtSF,1stFlrSF,GrLivArea,FullBath,KitchenQual,TotRmsAbvGrd,GarageFinish,GarageCars,GarageArea,SalePrice
7,2003,2003,3,3,856,856,1710,2,2,8,2,2,548,208500
6,1976,1976,1,3,1262,1262,1262,2,1,6,2,2,460,181500
7,2001,2002,3,3,920,920,1786,2,2,6,2,2,608,223500
7,1915,1970,1,2,756,961,1717,1,2,7,1,3,642,140000
8,2000,2000,3,3,1145,1145,2198,2,2,9,2,3,836,250000
5,1993,1995,1,3,796,796,1362,1,1,5,1,2,480,143000
8,2004,2005,3,4,1686,1694,1694,2,2,7,2,2,636,307000
7,1973,1973,1,3,1107,1107,2090,2,1,7,2,2,484,200000
7,1931,1950,1,2,952,1022,1774,2,1,8,1,2,468,129900
5,1939,1950,1,2,991,1077,1077,1,1,5,2,1,205,118000
5,1965,1965,1,2,1040,1040,1040,1,1,5,1,1,384,129500
9,2005,2006,2,4,1175,1182,2324,3,3,11,3,3,736,345000
5,1962,1962,1,2,912,912,912,1,1,4,1,1,352,144000
7,2006,2007,3,3,1494,1494,1494,2,2,7,2,3,840,279500
6,1960,1960,1,2,1253,1253,1253,1,1,5,2,1,352,157000
7,1929,2001,1,2,832,854,854,1,1,5,1,2,576,132000
6,1970,1970,1,2,1004,1004,1004,1,1,5,3,2,480,149000
4,1967,1967,1,,0,1296,1296,2,1,6,1,2,516,90000
5,2004,2004,1,2,1114,1114,1114,1,2,6,1,2,576,159000
5,1958,1965,1,2,1029,1339,1339,1,1,6,1,1,294,139000
8,2005,2006,3,4,1158,1158,2376,3,2,9,2,3,853,325300
7,1930,1950,1,2,637,1108,1108,1,2,6,1,1,280,139400
8,2002,2002,3,3,1777,1795,1795,2,2,7,2,2,534,230000
5,1976,1976,1,3,1040,1060,1060,1,1,6,1,2,572,129900
5,1968,2001,1,2,1060,1060,1060,1,2,6,1,1,270,154000
8,2007,2007,3,3,1566,1600,1600,2,2,7,2,3,890,256300
5,1951,2000,1,2,900,900,900,1,2,5,1,2,576,134800
8,2007,2008,3,4,1704,1704,1704,2,2,7,2,3,772,306000
5,1957,1997,1,2,1484,1600,1600,1,1,6,2,1,319,207500
4,1927,1950,1,2,520,520,520,1,0,4,1,1,240,68500
4,1920,1950,1,2,649,649,1317,1,1,6,1,1,250,40000
5,1966,2006,1,2,1228,1228,1228,1,2,6,1,1,271,149350
8,2007,2007,3,4,1234,1234,1234,2,2,7,2,2,484,179900
5,1959,1959,1,2,1398,1700,1700,1,2,6,2,2,447,165500
9,2005,2005,2,4,1561,1561,1561,2,3,6,3,2,556,277500
8,2004,2005,3,4,1117,1132,2452,3,2,9,3,3,691,309000
5,1994,1995,1,3,1097,1097,1097,1,1,6,1,2,672,145000
5,1954,1990,1,2,1297,1297,1297,1,1,5,3,2,498,153000
5,1953,2007,1,2,1057,1057,1057,1,2,5,1,1,246,109000
4,1955,1955,1,,0,1152,1152,2,0,6,,0,0,82000
6,1965,1965,1,2,1088,1324,1324,2,1,6,2,2,440,160000
5,1959,1959,1,2,1350,1328,1328,1,1,5,2,1,308,170000
5,1983,1983,1,3,840,884,884,1,2,5,2,2,504,144000
5,1975,1980,1,3,938,938,938,1,1,5,1,1,308,130250
5,1959,1959,1,2,1150,1150,1150,1,1,6,2,1,300,141000
9,2005,2005,2,4,1752,1752,1752,2,3,6,2,2,576,319900
7,2003,2003,3,4,1434,1518,2149,1,2,6,2,2,670,239686
8,2006,2006,3,3,1656,1656,1656,2,2,7,2,3,826,249700
4,1920,2008,1,2,736,736,1452,2,1,8,,0,0,113000
5,1966,1966,1,2,955,955,955,1,1,6,1,1,386,127000
6,1997,1997,1,3,794,794,1470,2,1,6,3,2,388,177000
6,1934,1950,1,2,816,816,1176,1,1,6,1,2,528,114500
5,1963,1963,0,3,816,816,816,1,1,5,1,2,516,110000
9,1981,1987,3,4,1842,1842,1842,0,2,5,3,3,894,385000
5,1955,1955,1,2,384,1360,1360,1,1,6,1,2,572,130000
6,1964,1964,1,2,1425,1425,1425,2,1,7,2,2,576,180500
8,1999,2000,3,3,970,983,1739,2,2,7,3,2,480,172500
7,2004,2004,3,3,860,860,1720,2,2,7,2,2,565,196500
10,2006,2006,2,4,1410,1426,2945,3,2,10,3,3,641,438780
5,1972,1972,1,2,780,780,780,1,1,4,1,1,352,124900
6,2004,2004,1,3,1158,1158,1158,1,2,5,1,2,576,158000
5,1920,1996,1,2,530,581,1111,1,0,6,1,1,288,101000
8,2006,2006,3,3,1370,1370,1370,2,2,6,2,2,484,202500
7,1921,1950,1,2,576,902,1710,2,1,9,1,2,480,140000
7,1997,1998,1,3,1057,1057,2034,2,2,8,2,2,645,219500
8,2004,2005,3,4,1143,1143,2473,2,2,9,2,3,852,317000
7,1970,1989,1,3,1947,2207,2207,2,1,7,2,2,576,180000
7,2003,2003,3,3,1453,1479,1479,2,2,7,2,2,558,226000
4,1945,1950,1,2,747,747,747,1,1,4,1,1,220,80000
7,1953,1953,3,2,1304,1304,2287,2,1,7,3,2,667,225000
7,1973,1973,1,3,2223,2223,2223,2,1,8,3,2,516,244000
4,1982,2006,1,2,845,845,845,1,1,4,1,2,360,129500
7,1998,1998,1,3,832,885,1718,2,1,7,3,2,427,185000
5,1954,2003,1,2,1086,1086,1086,1,1,6,1,2,490,144900
3,1915,1950,3,1,840,840,1605,2,1,8,1,1,379,107400
4,1973,1973,1,3,462,526,988,1,1,5,1,1,297,91000
4,1956,1956,1,2,952,952,952,1,1,4,1,1,283,135750
5,1948,2001,1,2,672,1072,1285,1,1,6,1,1,240,127000
4,1968,1968,1,2,1768,1768,1768,2,1,8,,0,0,136500
5,1910,1981,1,2,440,682,1230,1,1,5,1,2,440,110000
6,1968,1968,1,3,896,1182,2142,2,2,8,3,1,509,193500
6,1998,1998,1,4,1237,1337,1337,2,1,5,3,2,405,153500
8,2007,2007,1,3,1563,1563,1563,2,2,6,2,3,758,245000
5,1960,1960,1,2,1065,1065,1065,1,1,6,1,2,461,126500
7,1995,1996,1,3,384,804,1474,2,1,7,3,2,400,168500
8,1991,1992,3,3,1288,1301,2417,2,2,9,1,2,462,260000
6,2005,2005,3,3,684,684,1560,2,2,6,3,2,400,174000
6,2009,2009,3,3,612,612,1224,2,2,4,2,2,528,164500
3,1915,1982,0,2,1013,1013,1526,1,0,6,,0,0,85000
4,1994,1995,1,3,990,990,990,1,1,5,,0,0,123600
4,1950,1950,1,,0,1040,1040,1,1,4,1,2,420,109900
5,1961,1961,1,2,1235,1235,1235,1,1,6,1,2,480,98600
5,1921,2006,1,3,876,964,964,1,1,5,1,2,432,163500
6,1910,1998,1,2,1214,1260,2291,2,1,9,1,2,506,133900
6,1997,1997,1,3,824,905,1786,2,2,7,2,2,684,204750
6,1993,1993,2,3,680,680,1470,2,1,6,3,2,420,185000
7,1999,1999,3,3,1588,1588,1588,2,2,6,2,2,472,214000
4,1965,1965,1,2,960,960,960,1,1,6,3,1,432,94750
5,1920,1950,1,2,458,835,835,1,1,5,1,1,366,83000
4,1959,1959,1,2,950,1225,1225,1,1,6,,0,0,128950
6,1977,2001,1,2,1610,1610,1610,2,2,6,2,2,480,205000
6,1985,1985,3,3,741,977,1732,2,2,7,3,2,476,178000
5,1979,1979,1,,0,1535,1535,2,1,8,1,2,410,118964
7,2009,2009,1,3,1226,1226,1226,2,2,6,2,3,740,198900
7,1931,1950,1,2,1040,1226,1818,1,1,7,1,1,240,169500
8,2003,2004,3,4,1053,1053,1992,2,2,9,2,2,648,250000
4,1885,1995,1,1,641,1047,1047,1,1,6,1,1,273,100000
5,1948,1950,1,2,789,789,789,1,1,5,1,1,250,115000
5,1919,2005,1,2,793,997,1517,2,0,7,,0,0,115000
6,1977,1977,1,3,1844,1844,1844,2,1,7,2,2,546,190000
6,1954,1972,1,2,994,1216,1855,2,1,7,1,1,325,136900
7,2000,2000,1,3,384,774,1430,2,1,7,3,2,400,180000
7,2007,2007,3,4,1264,1282,2696,2,3,10,3,3,792,383970
6,1953,1953,1,3,1809,2259,2259,2,2,7,1,2,450,217000
6,1945,2002,1,2,1028,1436,2320,2,2,9,1,1,180,259500
6,1999,1999,1,3,729,729,1458,2,1,5,1,2,440,176000
5,1962,1962,1,2,1092,1092,1092,1,1,6,1,1,288,139000
5,2006,2007,1,3,1125,1125,1125,1,1,5,1,2,430,155000
7,1990,1990,1,3,1673,1699,3222,3,2,11,1,3,594,320000
6,2005,2006,3,3,728,728,1456,2,2,8,3,2,390,163990
6,1969,1969,1,2,938,988,988,1,1,4,1,2,540,180000
4,1939,1950,1,2,732,772,1123,1,1,4,1,1,264,100000
6,1958,1958,1,2,1080,1080,1080,1,1,5,1,1,288,136000
6,1993,1993,3,3,1199,1199,1199,2,2,5,2,2,530,153900
6,1979,1998,1,3,1362,1586,1586,2,1,7,1,2,435,181000
6,1935,1982,1,2,520,520,754,1,1,5,,0,0,84500
6,1976,1976,1,3,1078,958,958,2,1,5,2,2,440,128000
5,1930,1950,1,2,672,840,840,1,1,5,,0,0,87000
6,1966,1966,1,2,660,660,1348,1,1,6,2,2,453,155000
5,1958,1991,1,2,1008,1053,1053,1,3,6,2,2,750,150000
7,1966,1966,1,2,924,1216,2157,2,2,8,3,2,487,226000
6,2000,2000,3,3,992,1022,2054,2,2,7,2,2,390,244000
5,1959,2002,1,2,1063,1327,1327,1,2,7,1,2,624,150750
8,2001,2002,3,4,1267,1296,1296,2,2,6,3,2,471,220000
5,1968,1993,1,2,1461,1721,1721,2,1,7,2,2,440,180000
7,1970,1970,1,2,1304,1682,1682,2,1,7,1,2,530,174000
5,1967,1967,1,2,1214,1214,1214,2,1,5,2,1,318,143000
7,1988,1989,1,2,1907,1959,1959,3,1,9,1,3,766,171000
8,1999,2000,3,3,1004,1004,1852,2,2,7,3,3,660,230000
6,1997,1997,1,3,928,928,1764,2,2,7,2,2,470,231500
4,1971,1971,1,2,864,864,864,1,1,5,,0,0,115000
7,2005,2005,3,3,1734,1734,1734,2,2,7,3,2,660,260000
5,1952,1952,1,2,910,910,1385,2,1,6,1,2,720,166000
7,1999,1999,3,3,1490,1501,1501,2,2,6,2,2,577,204000
5,1963,1963,1,2,1728,1728,1728,2,1,10,1,2,504,125000
6,2004,2006,3,3,970,970,1709,2,2,7,1,2,380,130000
5,1931,1993,1,2,715,875,875,1,1,5,1,1,180,105000
7,2001,2001,3,3,884,884,2035,2,2,8,3,2,434,222500
7,2004,2005,1,3,1080,1080,1080,1,2,6,,0,0,141000
5,1936,1950,1,3,896,896,1344,1,1,7,1,1,240,115000
5,1975,1975,1,2,969,969,969,1,1,5,1,2,440,122000
8,2007,2008,3,4,1710,1710,1710,2,2,6,2,3,866,372402
6,1971,1971,1,2,825,1097,1993,2,1,8,2,2,495,190000
6,1960,1975,1,3,1602,1252,1252,1,1,4,2,2,564,235000
6,1923,1950,1,2,1200,1200,1200,1,1,7,1,1,312,125000
6,1924,1950,1,2,572,572,1096,1,1,5,,0,0,79000
5,1950,1950,1,,0,1040,1040,1,1,5,1,2,625,109500
8,2009,2010,3,4,774,774,1968,2,3,8,3,3,680,269500
7,2004,2005,3,3,991,991,1947,2,2,8,2,2,678,254900
7,2005,2006,3,3,1392,1392,2462,2,2,9,2,2,576,320000
6,1984,1984,1,3,1232,1232,1232,2,1,6,1,2,516,162500
9,2003,2004,3,4,1572,1572,2668,2,3,10,3,3,726,412500
7,2005,2005,3,3,1541,1541,1541,2,2,7,2,2,532,220000
4,1956,1956,1,2,882,882,882,1,1,4,,0,0,103200
6,1926,2004,1,2,1149,1149,1616,2,2,5,1,1,216,152000
5,1940,1999,1,2,644,808,1355,2,1,6,,0,0,127500
5,1955,1993,3,2,1617,1867,1867,1,1,7,3,1,303,190000
8,2007,2007,3,4,1582,1610,2161,1,3,8,3,3,789,325624
7,2004,2004,3,3,840,840,1720,2,2,7,3,2,440,183500
8,1981,1981,3,3,1686,1707,1707,2,1,6,2,2,511,228000
5,1941,1950,1,2,720,854,1382,1,1,7,1,2,660,128500
6,1960,1960,1,2,1080,1656,1656,1,1,7,3,2,528,215000
7,1987,1987,3,3,1064,1064,1767,2,2,5,2,2,504,239000
6,1961,1961,1,2,1362,1362,1362,1,1,6,1,2,504,163000
6,1986,1986,1,3,1606,1651,1651,2,1,7,3,2,616,184000
6,1950,2001,1,2,1202,2158,2158,2,2,7,1,2,576,243000
6,1988,1989,3,3,1151,1164,2060,2,1,8,1,2,521,211000
5,1958,1958,3,2,1052,1252,1920,2,2,8,1,2,451,172500
9,2008,2009,2,4,2216,2234,2234,2,3,9,3,3,1166,501837
5,1923,2006,3,2,968,968,968,1,1,5,1,2,480,100000
6,2000,2000,3,3,756,769,1525,2,2,5,1,2,440,177000
7,1920,1950,1,1,793,901,1802,1,1,9,1,1,216,200100
5,1957,2006,1,,0,1340,1340,1,1,7,2,1,252,120000
7,2003,2003,1,3,1362,1362,2082,2,2,6,1,2,484,200000
5,1908,1991,1,1,504,936,1252,1,1,5,1,2,576,127000
10,1892,1993,3,2,1107,1518,3608,2,3,12,1,3,840,475000
7,1990,1991,1,3,1188,1217,1217,2,2,6,1,2,497,173000
5,1916,1987,1,1,660,808,1656,2,1,8,1,1,180,135000
5,1979,1979,1,3,1086,1224,1224,0,1,6,1,2,528,153337
8,2001,2002,3,4,1593,1593,1593,1,3,5,3,2,682,286000
8,1932,1994,3,3,853,1549,2727,2,2,10,1,2,440,315000
7,1972,2004,1,2,725,725,1479,1,2,7,3,2,484,184000
7,1999,1999,3,3,1431,1431,1431,2,2,6,3,2,666,192000
7,2004,2004,3,3,970,970,1709,2,2,7,1,2,380,130000
5,1972,1972,1,2,864,864,864,1,1,5,1,1,352,127000
6,1976,1976,1,3,855,855,1456,2,1,7,1,2,440,148500
7,2007,2007,2,4,1726,1726,1726,2,3,8,3,3,786,311872
8,1918,1990,3,2,1360,1360,3112,2,2,8,1,2,795,235000
6,1912,1950,1,2,755,929,2229,1,1,8,,0,0,104000
8,2004,2005,3,4,1713,1713,1713,2,3,7,3,3,856,274900
4,2003,2004,1,3,1121,1121,1121,2,1,5,2,2,440,140000
6,1977,1977,1,2,1196,1279,1279,2,1,6,1,2,473,171500
6,1924,1950,1,1,617,865,1310,2,1,6,1,1,398,112000
6,2004,2004,3,3,848,848,848,1,2,3,2,2,420,149000
5,1947,1950,1,2,720,720,1284,1,1,5,1,1,240,110000
7,1990,1990,1,3,1424,1442,1442,2,1,5,2,2,500,180500
5,1962,1962,1,2,1140,1696,1696,1,1,8,2,1,349,143900
4,1960,1960,1,2,1100,1100,1100,1,1,6,2,1,312,141000
7,1988,1989,3,3,1157,1180,2062,2,1,7,3,2,454,277000
6,1964,1964,1,3,1092,1092,1092,1,1,6,2,2,504,145000
5,1925,1950,1,2,864,864,864,1,1,5,,0,0,98000
6,2009,2009,1,3,1212,1212,1212,2,2,6,2,2,460,186000
7,2009,2009,1,3,900,932,1852,2,2,7,2,2,644,252678
5,1995,1995,1,3,990,990,990,1,1,5,1,2,576,156000
6,1977,1977,1,3,689,689,1392,1,1,6,3,1,299,161750
5,1957,1996,1,2,1070,1236,1236,1,2,6,1,1,447,134450
7,2004,2004,3,3,1436,1436,1436,2,2,8,1,2,484,210000
4,1925,1950,1,2,686,810,1328,1,1,8,1,1,210,107000
7,1939,2006,3,2,798,1137,1954,1,2,8,1,2,431,311500
7,2005,2006,3,3,1248,1248,1248,2,2,5,3,2,438,167240
7,2006,2006,3,3,1498,1498,1498,2,2,5,2,2,675,204900
6,2002,2002,3,3,1010,1010,2267,2,2,8,2,2,390,200000
6,1975,1975,1,3,713,811,1552,2,1,6,2,2,434,179900
4,1971,1971,1,2,864,864,864,1,1,4,1,2,576,97000
10,2003,2003,2,4,2392,2392,2392,2,3,8,3,3,968,386250
5,1971,1971,1,2,630,630,1302,2,1,6,1,1,280,112000
7,1995,1995,3,3,1203,1214,2520,2,2,9,2,3,721,290000
6,1970,1970,1,2,483,483,987,1,1,5,1,1,280,106000
5,1967,1967,1,2,912,912,912,1,1,5,1,1,336,125000
7,2005,2006,3,3,1373,1555,1555,2,2,7,3,2,430,192500
6,1959,1959,1,2,1194,1194,1194,1,1,6,2,1,312,148000
8,1995,1996,3,3,1462,1490,2794,2,3,9,3,3,810,403000
6,1972,1972,1,2,483,483,987,1,1,5,1,1,288,94500
5,1976,1976,1,2,894,894,894,1,1,5,1,1,308,128200
6,2002,2002,3,3,860,860,1960,2,2,8,3,2,440,216500
6,1971,1971,1,2,483,483,987,1,1,5,1,1,264,89500
7,2004,2004,3,3,1414,1414,1414,2,2,6,2,2,494,185500
7,1993,2003,3,3,996,1014,1744,2,2,7,2,2,457,194500
8,2007,2007,2,4,1694,1694,1694,2,2,7,3,3,818,318000
6,1945,1950,1,2,735,798,1487,1,1,7,1,1,220,113000
8,2008,2008,3,3,1566,1566,1566,2,2,7,2,2,750,262500
5,1945,1997,1,2,686,866,866,1,2,4,,0,0,110500
5,1900,1950,1,2,540,889,1440,1,1,6,1,1,352,79000
6,1980,1980,1,3,626,626,1217,1,1,6,2,1,288,120000
7,1994,2002,3,3,948,1222,2110,2,2,8,2,2,463,205000
7,1988,1988,1,3,1845,1872,1872,2,1,6,3,2,604,241500
6,1910,1950,1,1,1020,908,1928,2,0,9,1,1,440,137000
6,1954,1954,1,2,1367,1375,1375,1,1,5,1,2,451,140000
7,2003,2003,3,3,840,840,1668,2,2,8,2,2,500,180000
6,1958,2006,3,3,1444,1444,2144,2,2,7,3,2,389,277000
3,1940,1966,1,2,728,1306,1306,1,0,6,,0,0,76500
8,2006,2007,3,3,1573,1625,1625,2,2,5,3,2,538,235000
6,2004,2004,3,3,798,798,1640,2,2,6,2,2,520,173000
6,1964,1991,1,3,1302,1302,1302,2,2,7,2,1,309,158000
5,1957,1957,1,2,1314,1314,1314,1,1,5,2,1,294,145000
7,1999,1999,3,3,975,1005,2291,2,2,8,3,2,429,230000
6,2003,2003,3,3,864,864,1728,2,2,7,2,2,673,207500
7,2006,2006,3,3,1604,1604,1604,2,2,8,2,2,660,220000
7,2001,2001,3,3,963,963,1792,2,2,7,2,2,564,231500
5,1956,1956,1,,0,882,882,1,1,4,1,1,308,97000
6,1962,1962,1,2,1362,1382,1382,1,1,6,1,2,884,176000
8,2007,2007,3,4,1482,1482,2574,2,3,10,3,3,868,276000
6,1977,1995,1,3,506,1212,1212,1,1,6,1,2,492,151000
5,1929,2001,1,2,926,926,1316,1,1,6,1,2,484,130000
5,1925,2004,1,1,680,764,764,1,1,4,1,2,504,73000
6,1981,1981,1,3,1422,1422,1422,2,2,7,3,2,576,175500
6,1997,1997,1,3,802,802,1511,2,1,8,3,2,413,185000
5,1939,1997,1,2,720,1052,2192,2,2,8,1,1,240,179500
5,1940,1955,1,2,740,778,778,1,1,4,3,1,924,120500
6,1976,1976,1,2,1143,1113,1113,1,1,6,2,1,504,148000
8,2006,2006,3,3,1095,1095,1939,2,2,8,2,3,1053,266000
7,1954,2005,1,3,1385,1363,1363,1,1,5,1,2,439,241500
8,1999,2007,3,3,1152,1164,2270,2,2,9,3,3,671,290000
6,1958,1988,1,2,1240,1632,1632,2,1,6,2,1,338,139000
5,1982,1982,1,2,816,816,816,1,1,5,1,1,264,124500
7,1925,2007,3,2,952,952,1548,2,3,5,1,2,672,205000
7,2003,2003,3,4,1560,1560,1560,2,2,7,3,2,573,201000
4,1951,1951,1,2,864,864,864,1,1,4,1,2,400,141000
9,2006,2007,2,4,2121,2121,2121,2,3,8,3,3,732,415298
7,1977,1977,1,3,1160,1156,2022,2,1,8,3,2,505,192000
7,1989,1989,3,3,807,1175,1982,2,2,7,3,2,575,228500
6,2006,2006,3,3,1262,1262,1262,2,2,5,3,2,572,185000
7,2007,2008,3,3,1314,1314,1314,2,2,6,2,2,626,207500
8,2008,2009,3,3,1468,1468,1468,2,2,6,3,3,898,244600
6,1992,1992,3,3,1575,1575,1575,2,2,5,2,2,529,179200
7,2006,2007,3,3,625,625,1250,2,2,5,2,2,528,164700
6,1962,1981,1,2,912,1085,1734,1,2,7,2,2,440,159000
4,1971,1971,1,2,858,858,858,1,1,5,,0,0,88000
5,1967,1967,1,2,882,900,900,1,1,5,1,1,280,122000
6,1915,2003,1,2,698,698,1396,1,1,7,1,1,384,153575
8,2006,2006,3,3,1079,1079,1919,2,2,8,2,2,685,233230
5,1912,2000,1,2,780,936,1716,2,0,9,,0,0,135900
5,1949,2008,1,2,768,1148,1716,1,1,8,1,1,281,131000
7,1977,1994,1,2,795,1468,2263,2,2,9,3,2,539,235000
6,1953,1953,1,2,1416,1644,1644,1,1,7,3,2,418,167000
6,1984,1984,1,2,1003,1003,1003,1,1,6,1,2,588,142500
5,1950,1950,1,2,910,910,1558,1,1,6,1,1,282,152000
7,1997,1998,3,3,975,975,1950,2,2,7,2,2,576,239000
6,1968,1968,3,2,702,1041,1743,1,1,7,1,2,539,175000
6,1950,2004,1,2,1092,1152,1152,1,2,6,1,1,300,158500
5,1953,1953,1,2,1165,1336,1336,1,1,5,1,1,375,157000
8,1998,1999,3,3,1028,1210,2452,2,2,9,3,2,683,267000
7,2001,2002,3,3,1541,1541,1541,2,2,6,2,3,843,205000
5,1972,1972,1,2,894,894,894,1,1,5,1,2,552,149900
7,1880,2002,1,2,1470,1675,3493,3,2,10,1,3,870,295000
8,2004,2005,3,3,2000,2000,2000,2,2,8,3,3,888,305900
7,1990,1991,3,3,700,1122,2243,2,2,8,2,3,746,225000
6,1920,1950,1,2,319,1035,1406,1,0,6,,0,0,89500
4,1940,1950,1,2,861,861,861,1,1,4,1,2,539,82500
9,2003,2004,3,4,1896,1944,1944,2,3,8,3,3,708,360000
6,1993,1994,1,3,697,697,1501,2,2,6,3,2,420,165600
6,1948,2002,1,2,972,972,972,1,1,5,1,1,240,132000
5,1939,1950,1,3,793,793,1118,1,1,5,1,2,410,119900
7,1965,1965,1,3,2136,2036,2036,2,1,8,2,2,513,375000
7,1925,1990,1,2,728,832,1641,1,3,6,1,2,546,178000
7,2004,2005,3,3,716,716,1432,2,2,6,3,2,432,188500
7,1980,1980,3,3,845,1153,2353,2,3,10,2,2,484,260000
8,2006,2006,3,3,1088,1088,1959,2,2,8,2,3,1025,270000
7,1993,1993,3,3,1347,1372,2646,2,2,9,2,3,656,260000
7,1980,1980,1,3,1372,1472,1472,2,1,6,1,2,588,187500
9,2006,2006,1,4,1249,1249,2596,3,2,9,2,3,840,342643
8,2004,2004,3,4,1136,1136,2468,2,2,10,3,3,872,354000
7,1986,1987,3,2,1502,1553,2730,2,2,8,3,2,576,301000
3,1955,2005,1,2,1162,1163,1163,1,1,6,1,1,220,126175
7,1967,2007,3,3,710,1898,2978,2,2,11,3,2,564,242000
5,1941,1950,1,2,720,803,803,1,1,5,1,2,360,87000
8,1993,1993,3,3,1719,1719,1719,1,2,6,3,2,473,324000
6,1960,1960,1,2,1383,1383,1383,1,1,7,2,1,292,145250
6,1916,1994,1,2,844,1445,2134,2,2,10,1,2,441,214500
5,1920,1950,1,2,596,596,1192,1,1,6,1,1,189,78000
5,1964,1964,1,2,1728,1728,1728,2,1,10,1,1,352,119000
5,1958,1992,1,2,1056,1056,1056,1,1,6,2,1,308,139000
8,2003,2004,3,3,3206,1629,1629,2,2,7,2,3,880,284000
7,2004,2004,3,3,1358,1358,1358,2,2,6,2,2,484,207000
6,1998,1998,1,3,943,943,1638,2,1,7,3,2,472,192000
5,1965,1965,1,2,1499,1619,1786,2,1,7,3,2,529,228950
9,2005,2006,3,4,1922,1922,1922,2,2,8,3,3,676,377426
7,2002,2003,3,3,1536,1536,1536,2,2,7,2,2,532,214000
7,1984,1998,3,3,1208,1621,1621,2,2,8,2,2,440,202500
6,1958,1998,1,2,1215,1215,1215,1,1,6,1,1,297,155000
8,2002,2002,3,3,967,993,1908,2,2,9,3,2,431,202900
4,1950,1950,0,2,721,841,841,1,1,4,1,1,294,82000
3,1949,1950,1,,0,1040,1040,2,1,6,1,2,400,87500
9,2005,2005,2,4,1684,1684,1684,2,3,6,2,2,564,266000
5,1976,1976,1,3,536,536,1112,1,1,4,1,1,336,85000
6,1939,1950,1,2,972,972,1577,1,0,6,1,1,312,140200
6,1960,1998,1,2,958,958,958,1,1,5,2,1,301,151500
6,1960,1960,1,2,1478,1478,1478,2,1,6,1,2,498,157500
7,2003,2004,3,3,764,764,1626,2,2,6,2,2,474,154000
9,2005,2006,2,4,1848,1848,2728,2,3,10,3,3,706,437154
9,2007,2007,2,4,1869,1869,1869,2,3,6,2,2,617,318061
7,1986,1986,1,3,1453,1453,1453,1,2,6,2,2,445,190000
5,1941,1950,1,2,616,616,1111,1,1,5,1,1,200,95000
6,1928,2003,1,2,624,720,720,1,1,5,1,2,484,105900
6,1940,2000,1,2,940,1192,1595,1,1,6,1,1,240,140000
6,1995,1995,3,3,1200,1200,1200,2,2,6,2,2,521,177500
6,1992,1992,1,3,1158,1167,1167,2,2,6,2,2,400,173000
5,1976,1976,1,3,1142,1142,1142,1,1,6,3,2,528,134000
5,1958,1958,1,2,1062,1352,1352,1,2,6,1,1,288,130000
8,1998,1998,3,3,1086,1086,1924,2,2,7,2,2,592,280000
6,1978,1978,1,3,888,912,912,1,1,5,2,2,470,156000
5,1940,1982,1,2,883,988,1505,1,1,8,1,1,240,145000
7,2003,2003,3,,0,495,1922,3,2,7,2,2,672,198500
6,1972,2007,1,2,483,483,987,1,2,5,1,1,264,118000
6,1976,1976,1,3,796,790,1574,2,1,6,3,2,566,190000
5,1920,1997,1,2,672,672,1344,1,1,6,1,1,468,147000
6,1963,1963,1,3,1394,1394,1394,1,1,6,2,2,514,159000
6,1962,1962,1,3,1099,1431,1431,1,1,6,2,1,296,165000
5,1954,1954,1,2,1268,1268,1268,1,1,7,3,1,244,132000
5,1959,2006,1,2,1063,1287,1287,1,2,7,3,2,576,162000
6,2000,2000,1,3,953,953,1664,2,1,7,2,2,460,172400
4,1959,1959,1,,0,1120,1588,2,1,7,3,2,680,134432
6,1984,1984,1,3,744,752,752,1,1,4,1,1,264,125000
5,1953,1953,1,2,608,1319,1319,1,1,5,1,1,270,123000
7,2003,2004,3,3,847,847,1928,2,2,8,3,2,434,219500
1,1922,1950,0,1,683,904,904,0,0,4,,0,0,61000
5,1996,1996,3,3,870,914,914,1,1,5,1,2,576,148000
8,2004,2005,3,3,1580,1580,2466,3,2,8,2,2,610,340000
9,2010,2010,3,4,1856,1856,1856,1,3,8,3,3,834,394432
6,2000,2000,1,3,982,1007,1800,2,1,7,3,2,463,179000
5,1924,1950,1,2,1026,1026,1691,2,2,6,1,1,308,127000
7,2006,2006,3,3,1293,1301,1301,2,2,5,2,2,572,187750
7,2006,2006,3,3,939,939,1797,2,2,8,2,2,639,213500
6,1928,1950,1,1,784,784,784,1,1,5,1,2,360,76000
6,1992,1992,3,3,1580,1079,1953,2,2,9,3,2,501,240000
8,2004,2005,3,3,1256,1269,1269,2,2,6,3,2,430,192000
5,1910,1996,1,2,658,658,1184,1,1,8,,0,0,81000
6,1976,1976,1,2,1041,1125,1125,1,1,6,1,1,352,125000
7,1999,2000,3,3,1468,1479,1479,2,2,6,2,2,577,191000
10,2007,2008,2,4,1682,1742,2332,2,3,9,3,3,846,426000
5,1900,1950,1,2,861,961,1367,1,1,7,1,1,384,119000
6,2001,2002,1,4,804,804,1961,2,2,7,3,2,560,215000
5,1959,1959,1,,0,882,882,1,1,5,2,1,294,106500
4,1941,1950,1,2,788,788,788,1,1,4,,0,0,100000
5,1940,1950,1,2,735,735,1034,1,1,5,1,1,240,109000
5,1956,1956,1,2,1144,1144,1144,1,1,6,1,1,596,129000
5,1972,1972,1,2,894,894,894,1,1,6,2,2,600,123000
5,1962,1962,1,2,864,876,1812,2,1,8,2,1,264,169500
5,1920,1950,1,1,961,1077,1077,1,1,6,1,1,338,67000
7,2006,2007,3,3,1092,1112,1550,2,2,7,3,2,438,241000
8,1996,1996,3,3,1260,1288,1288,1,3,4,3,2,500,245500
7,2005,2005,3,3,1310,1310,1310,2,2,6,3,2,400,164990
5,1940,1997,1,2,672,672,672,1,1,4,1,1,240,108000
8,1998,1998,3,3,1141,1165,2263,2,2,10,3,2,420,258000
6,1995,1996,1,3,806,806,1572,2,1,7,3,2,373,168000
4,1976,1993,1,2,1281,1620,1620,2,1,8,1,2,490,150000
6,1936,1950,1,2,1064,1166,1639,1,1,6,1,1,240,115000
6,1915,1976,1,3,840,840,1680,2,1,8,1,1,308,177000
7,2006,2006,3,4,1063,1071,2172,2,2,9,2,3,947,280000
8,2007,2008,3,4,1034,1050,2078,2,3,8,3,3,836,339750
5,1958,1958,1,2,1276,1276,1276,1,1,5,1,1,350,60000
5,1955,1955,1,2,1056,1056,1056,1,1,5,3,2,572,145000
7,2009,2009,2,4,1470,1478,1478,2,2,7,3,2,484,222000
5,1927,1950,1,2,1008,1028,1028,1,1,5,1,2,360,115000
7,1993,1993,3,3,1080,1080,2097,2,2,9,1,3,678,228000
7,2007,2007,3,3,1340,1340,1340,2,2,6,3,2,396,181134
6,1978,1978,1,2,672,672,1400,1,1,6,3,2,440,149500
6,1918,1950,1,3,1370,1370,2624,2,1,10,1,3,864,239000
5,1940,1950,1,2,756,756,1134,1,1,7,1,1,240,126000
5,1968,1968,1,2,1056,1056,1056,1,1,6,1,1,304,142000
7,1997,1998,1,3,1344,1344,1344,2,1,8,3,4,784,206300
6,1977,2000,3,3,1602,1602,1602,2,2,8,3,2,529,215000
5,1954,1954,1,2,988,988,988,1,1,4,2,2,520,113000
8,1998,1998,3,3,1470,1470,2630,2,2,8,3,3,696,315000
6,1956,1956,1,3,1196,1196,1196,1,1,6,2,1,297,139000
7,1946,1992,1,2,651,707,1389,1,1,6,1,1,240,135000
7,1989,1989,3,3,1518,1644,1644,2,2,5,3,2,569,275000
4,1957,1957,1,2,907,907,907,1,1,5,1,1,352,109008
7,2007,2007,3,3,1208,1208,1208,2,2,6,2,2,628,195400
6,1988,1988,1,3,1392,1412,1412,2,2,6,1,2,576,175000
6,1971,1971,1,2,483,483,987,1,1,4,1,1,264,85400
6,1920,1998,1,2,901,1088,1198,1,1,7,,0,0,79900
5,1971,1971,1,2,765,765,1365,1,1,6,1,2,440,122500
6,1997,1998,1,3,926,926,1604,2,1,7,3,2,470,181000
4,1972,1972,1,3,630,630,630,1,1,3,,0,0,81000
7,1996,1996,3,3,799,827,1661,2,2,6,2,2,550,212000
6,1920,1950,1,1,648,734,1118,1,1,6,1,2,440,116000
6,1926,2004,3,2,884,904,904,1,1,4,1,1,180,119000
5,1913,2002,1,2,440,694,694,1,2,4,1,1,352,90350
6,1920,2000,1,2,684,684,1196,1,2,7,1,2,528,110000
10,2008,2008,2,4,3094,2402,2402,2,3,10,3,3,672,555000
4,1955,1955,1,2,1440,1440,1440,2,0,8,,0,0,118000
5,1930,1992,1,2,1078,1128,1573,2,1,8,1,2,360,162900
7,2006,2007,3,4,1258,1258,1258,2,2,6,3,3,648,172500
7,1994,1995,3,3,915,933,1908,2,2,8,1,2,493,210000
6,1956,1956,1,2,1436,1689,1689,1,1,7,1,2,480,127500
6,1966,2002,3,2,1517,1888,1888,2,2,6,3,2,578,190000
7,1998,1999,3,3,930,956,1886,2,2,10,3,2,431,199900
6,1937,1950,1,2,780,780,1376,2,1,7,1,1,198,119500
3,1948,2002,1,2,649,679,1183,1,1,6,1,1,308,120000
6,1930,2005,1,2,813,813,813,1,2,5,1,1,270,110000
7,1975,1975,1,3,1533,1533,1533,2,2,5,1,2,576,280000
6,1996,1997,3,4,872,888,1756,2,1,7,3,2,422,204000
8,2008,2008,3,3,768,786,1590,2,2,6,2,2,676,210000
5,1976,1976,1,2,1728,1728,1728,2,1,8,1,2,560,188000
7,1973,1973,1,2,1242,1242,1242,1,1,6,1,2,528,175500
5,1916,1950,1,2,624,624,1344,1,1,7,1,3,513,98000
4,1954,1994,1,3,1364,1663,1663,1,2,6,3,2,529,256000
8,1925,1996,1,2,588,833,1666,1,2,7,1,1,228,161000
5,1950,1950,1,2,709,979,1203,1,2,5,1,1,352,110000
8,2009,2009,3,3,832,832,1935,2,1,8,3,2,552,263435
7,1936,2007,3,3,560,575,1135,1,2,6,2,2,576,155000
5,1965,1965,1,2,864,864,864,1,1,5,1,1,360,62383
6,1934,1995,1,2,715,849,1660,1,1,6,1,1,240,188700
5,1978,1978,1,3,1040,1040,1040,2,1,5,,0,0,124000
7,2004,2004,3,3,1375,1414,1414,2,2,6,3,2,398,178740
7,1970,1970,1,2,1277,1277,1277,1,1,5,1,2,526,167000
5,1942,1995,1,2,728,888,1644,1,2,7,1,1,312,146500
8,2006,2006,3,3,1626,1634,1634,2,2,7,2,3,866,250000
6,1993,1993,3,3,832,832,1710,2,2,7,2,2,506,187000
8,1985,1985,3,3,1488,1502,1502,1,2,4,2,2,528,212000
7,1977,1977,1,3,808,1161,1969,2,1,8,2,2,534,190000
6,2005,2005,1,3,547,1072,1072,1,1,5,2,2,525,148000
8,2006,2007,3,4,1976,1976,1976,2,2,7,2,3,908,440000
8,2000,2000,3,3,1494,1652,1652,2,3,6,2,2,499,251000
5,1963,1963,1,2,970,970,970,1,1,5,1,2,624,132500
6,1997,1998,1,3,1478,1493,1493,2,2,7,3,2,508,208900
9,2006,2006,2,3,2153,2069,2643,2,3,9,3,3,694,380000
8,2007,2008,3,4,1705,1718,1718,2,2,7,2,3,826,297000
4,1937,2000,1,1,907,1131,1131,1,1,7,1,2,672,89471
9,2004,2005,3,4,1833,1850,1850,2,2,8,3,3,772,326000
9,2003,2004,3,4,1792,1792,1792,2,3,6,3,3,874,374000
7,1915,2005,3,2,910,916,1826,1,3,7,1,1,164,155000
6,1998,1998,1,4,1216,1216,1216,2,1,5,1,2,402,164000
5,1962,2001,1,2,999,999,999,1,2,6,1,1,264,132500
5,1950,2007,3,2,1113,1113,1113,1,2,5,1,1,264,147000
5,1965,1965,1,2,1073,1073,1073,1,1,6,2,2,515,156000
5,1971,1971,1,3,1484,1484,1484,2,1,7,1,2,487,175000
5,1900,1970,1,2,954,1766,2414,2,1,10,1,2,520,160000
4,1970,2002,1,3,630,630,630,1,2,3,1,1,286,86000
5,1976,1976,1,3,264,616,1304,1,1,4,3,1,336,115000
6,1941,1950,1,2,806,958,1578,1,0,5,1,1,240,133000
6,2006,2006,3,3,728,728,1456,2,1,8,2,2,429,172785
5,1960,1960,1,2,1269,1269,1269,1,1,6,1,1,308,155000
5,1938,1996,1,1,190,886,886,1,1,4,1,1,273,91300
4,1920,1950,1,2,720,720,720,1,1,4,,0,0,34900
8,1992,1993,3,3,3200,3228,3228,3,2,10,2,2,546,430000
7,1925,1950,1,2,1026,1133,1820,2,1,8,1,1,240,184000
5,1967,2004,1,2,864,899,899,1,2,5,3,1,288,130000
5,1958,1985,1,2,912,912,912,1,1,5,3,1,297,120000
6,1973,1973,1,2,672,672,1218,1,1,7,1,1,264,113000
7,2005,2005,3,3,866,866,1768,2,2,7,2,2,603,226700
5,1965,1965,1,2,1214,1214,1214,1,1,6,1,2,461,140000
7,1959,1997,1,2,1501,1801,1801,2,1,6,3,2,484,289000
6,1974,1974,1,2,855,855,1322,2,1,6,1,2,440,147000
5,1952,1952,1,2,960,960,1960,2,1,10,1,2,400,124500
8,1993,1994,3,3,777,1065,1911,2,2,8,2,2,471,215000
6,2009,2009,3,3,1218,1218,1218,2,2,4,3,2,676,208300
7,1928,2005,1,2,689,689,1378,2,2,7,1,2,360,161000
5,1959,1959,1,2,1041,1041,1041,1,1,6,2,1,270,124500
5,1951,2000,3,2,1008,1363,1363,1,1,6,1,1,288,164900
7,2005,2006,3,3,1368,1368,1368,2,2,6,2,2,474,202665
5,1958,1958,1,2,864,864,864,1,1,5,1,2,624,129900
6,1983,1983,1,2,1084,1080,1080,1,1,5,1,2,484,134000
5,1926,1950,1,2,768,789,789,1,1,5,1,1,200,96500
10,2009,2009,2,4,2006,2020,2020,2,3,9,3,3,900,402861
6,1972,1972,1,2,689,1378,2119,2,1,7,2,2,583,158000
7,1996,1997,3,3,1264,1277,2344,2,2,7,2,3,889,265000
6,1998,1998,1,3,794,882,1796,2,1,7,2,2,546,211000
7,1926,2004,3,3,1276,1276,2080,1,2,9,1,1,282,234000
4,1900,2000,1,,0,694,1294,2,1,7,,0,0,106250
6,1957,1957,1,2,1244,1244,1244,1,1,6,1,1,336,150000
6,1947,1950,1,2,1004,1004,1664,2,1,7,1,2,420,159000
10,2007,2008,2,4,3138,3138,4676,3,3,11,3,3,884,184750
7,1996,1997,3,3,1379,1383,2398,2,2,8,3,3,834,315750
7,2005,2005,3,3,1257,1266,1266,2,2,6,1,2,453,176000
5,1956,2000,1,3,928,928,928,1,1,4,1,1,252,132000
9,2008,2008,2,4,1452,1476,2713,2,3,11,3,3,858,446261
4,1920,2002,1,2,528,605,605,1,1,5,,0,0,86000
6,1957,1975,3,2,2035,2515,2515,3,1,9,2,2,484,200624
6,1988,1989,3,3,1461,1509,1509,2,2,5,2,2,600,175000
6,1920,1999,1,1,611,751,1362,2,1,6,3,2,502,128000
5,1955,2007,1,,0,827,827,1,1,5,1,1,392,107500
1,1946,1950,0,,0,334,334,1,0,2,,0,0,39300
8,2004,2004,3,4,707,707,1414,2,2,6,3,2,403,178000
5,1910,1991,1,3,1117,820,1347,1,1,5,,0,0,107500
7,1998,1999,1,3,880,880,1724,2,2,8,3,2,527,188000
4,1972,1972,1,2,864,864,864,1,1,5,1,2,576,111250
5,1968,1968,1,2,1051,1159,1159,1,1,7,1,1,336,158000
8,2001,2002,3,3,1581,1601,1601,2,2,6,2,2,670,272000
9,2006,2006,2,4,1838,1838,1838,2,3,8,3,3,765,315000
8,2000,2000,3,3,969,997,2285,2,2,8,3,3,648,248000
7,1998,1999,3,4,1650,1680,1680,2,2,7,3,2,583,213250
7,1998,1998,1,3,723,767,767,1,1,4,3,1,367,133000
7,2006,2006,3,3,654,664,1496,2,2,7,2,2,426,179665
7,1988,1988,3,3,1204,1377,2183,2,2,9,1,3,786,229000
6,1923,1950,1,3,1065,915,1635,1,1,6,1,2,440,210000
5,1970,1970,1,3,768,768,768,1,1,5,1,2,624,129500
5,1955,1995,1,2,825,825,825,1,1,4,2,2,720,125000
7,2003,2004,3,3,912,912,2094,2,2,8,3,2,615,263000
6,1977,1977,1,3,1069,1069,1069,2,1,4,2,2,440,140000
5,1957,1957,1,2,928,928,928,1,1,5,3,1,288,112500
8,2006,2006,3,4,1709,1717,1717,2,2,7,2,3,908,255500
4,1949,2003,1,,0,1126,1126,2,2,5,3,2,520,108000
7,2003,2004,3,3,998,1006,2046,2,2,8,2,3,871,284000
5,1922,1950,1,2,993,1048,1048,1,1,5,1,1,280,113000
5,1957,1957,1,2,1092,1092,1092,1,1,6,3,1,299,141000
4,1920,1950,1,2,637,897,1336,1,1,7,1,1,570,108000
7,1996,1997,1,3,729,729,1446,2,1,6,1,2,406,175000
7,2003,2004,3,3,1374,1557,1557,2,2,7,3,2,420,234000
5,1957,1996,1,3,1392,1392,1392,1,1,5,1,2,528,121500
5,1974,1975,1,3,1389,1389,1389,1,1,6,2,2,418,170000
5,1940,1969,1,2,996,996,996,1,1,6,,0,0,108000
6,1918,1950,1,3,1163,1163,1674,2,1,8,3,2,396,185000
7,1992,2000,3,3,1095,1166,2295,2,2,9,2,2,590,268000
6,1915,1950,1,3,806,841,1647,1,0,6,1,1,216,128000
9,2005,2007,3,3,1122,1134,2504,2,3,11,3,3,656,325000
7,2004,2004,3,3,1517,1535,1535,2,2,7,2,2,532,214000
8,1983,2009,3,3,1496,1496,2132,1,2,5,3,2,612,316600
5,1979,1979,1,3,943,943,943,1,1,4,1,2,600,135960
5,1965,1965,1,2,1728,1728,1728,2,1,10,1,2,576,142600
6,1959,1959,1,2,864,864,864,1,2,4,1,1,288,120000
7,2009,2009,1,4,846,846,1692,2,2,6,2,2,650,224500
7,2000,2000,1,3,384,774,1430,2,1,8,2,2,400,170000
5,1971,2005,1,2,372,576,1109,1,1,5,1,1,288,139000
5,1947,1950,1,2,832,832,1216,1,1,6,1,1,336,118500
7,1928,1950,1,2,861,877,1477,2,1,6,1,1,216,145000
5,1966,1966,1,2,1164,1320,1320,1,1,6,2,2,564,164500
7,2007,2007,3,3,689,703,1392,2,2,5,1,2,540,146000
5,1954,1954,1,2,1050,1050,1795,2,1,7,1,1,352,131500
6,1960,1987,1,2,1144,1429,1429,1,2,7,1,2,572,181900
8,2008,2009,2,4,2042,2042,2042,2,3,8,2,3,1390,253293
6,1990,1990,1,3,816,816,816,1,1,5,,0,0,118500
10,1893,2000,2,2,1237,1521,2775,3,2,9,1,2,880,325000
4,1935,1995,1,2,884,989,1573,1,2,6,1,1,240,133000
8,2005,2006,3,4,1868,2028,2028,2,2,7,2,3,880,369900
6,1918,2000,1,2,816,838,838,1,0,5,3,1,275,130000
5,1982,1982,1,2,840,860,860,1,1,4,1,2,528,137000
5,1968,2003,1,2,1437,1473,1473,1,3,5,1,1,452,143000
5,1930,1960,1,2,742,779,935,1,1,4,1,1,308,79500
7,2004,2004,3,3,770,770,1582,2,2,6,2,2,520,185900
10,2008,2008,2,4,1722,1728,2296,2,3,10,2,3,842,451950
5,1982,2003,1,2,816,816,816,1,1,4,3,2,816,138000
6,2003,2003,3,3,848,848,848,1,2,4,3,2,420,140000
5,1975,1975,1,3,924,924,924,1,1,5,1,1,280,110000
8,2005,2006,3,3,1814,1826,1826,2,2,7,3,3,758,319000
6,1910,1993,1,2,684,684,1368,1,1,7,1,1,216,114504
7,2006,2007,3,4,1258,1402,1402,0,2,7,3,3,648,194201
5,1977,1977,1,3,1430,1647,1647,2,2,7,3,2,621,217500
6,1980,1980,1,3,716,716,1556,2,1,6,3,2,452,151000
8,2005,2005,3,3,1058,1058,1904,2,3,8,3,2,736,275000
6,1937,1950,1,2,780,780,1375,1,2,6,1,1,544,141000
8,1992,1992,3,3,908,927,1915,2,2,8,3,2,506,220000
7,2004,2005,3,3,600,600,1200,2,2,4,2,2,480,151000
7,2002,2002,3,3,1494,1494,1494,2,2,6,2,2,530,221000
7,1965,1990,1,2,768,1186,1986,2,1,7,1,2,486,205000
5,1996,1996,1,3,1040,1040,1040,1,2,6,1,2,576,152000
5,1948,2002,1,2,896,1112,2008,3,3,8,1,1,230,225000
8,1934,1998,1,3,965,1940,3194,2,1,10,1,2,380,359100
4,1961,1961,1,2,1029,1029,1029,1,1,5,1,1,261,118500
9,2000,2000,3,4,1440,1476,2153,2,3,8,3,3,736,313000
6,1978,1978,1,3,1032,1032,1032,2,1,6,1,2,564,148000
8,2001,2001,3,3,1299,1299,1872,2,3,7,2,2,531,261500
5,2007,2007,1,3,1120,1120,1120,1,1,6,,0,0,147000
4,1972,1972,1,3,630,630,630,1,1,3,,0,0,75500
6,1963,1963,1,2,936,1054,1054,1,2,6,2,2,480,137500
6,2002,2003,3,3,783,807,1509,2,2,7,3,2,393,183200
6,1954,1954,1,2,832,832,832,1,2,4,1,2,528,105500
9,2007,2007,2,4,1822,1828,1828,2,2,9,1,3,774,314813
8,2003,2003,3,3,1482,1482,2262,2,2,10,3,3,749,305000
3,1914,1950,1,2,864,864,864,1,1,5,,0,0,67000
6,1974,1997,1,2,1522,1548,2614,2,1,9,2,2,624,240000
5,1977,1977,1,2,980,980,980,1,1,6,1,2,484,135000
6,2000,2000,3,3,756,756,1512,2,2,4,1,2,440,168500
6,1972,1972,1,2,732,1012,1790,1,1,8,2,2,484,165150
6,1962,1962,1,2,1116,1116,1116,1,1,5,1,2,440,160000
5,1960,1978,1,2,978,1422,1422,1,1,6,2,1,286,139900
6,1955,1972,1,2,1156,1520,1520,1,1,7,2,1,364,153000
5,1969,1969,1,3,1040,1040,2080,1,0,9,1,2,504,135000
6,1964,1964,1,2,1248,1350,1350,1,1,6,2,2,520,168500
5,1880,1991,1,1,636,1089,1750,1,3,8,1,1,240,124000
8,2006,2006,3,3,1554,1554,1554,2,2,6,2,2,627,209500
7,1977,1977,1,2,1386,1411,1411,2,1,6,3,2,544,82500
5,1954,2005,1,2,1056,1056,1056,1,1,6,1,1,260,139400
6,1980,1980,1,2,1056,1056,1056,0,1,4,1,2,576,144000
6,1914,1995,0,2,1440,1440,3395,2,0,14,,0,0,200000
2,1936,1950,0,2,264,800,800,1,0,4,,0,0,60000
5,1954,1954,1,2,811,811,1387,2,2,7,1,1,256,93000
5,1910,1950,1,1,796,796,796,1,1,4,,0,0,85000
8,2006,2006,3,3,1520,1567,1567,2,3,7,3,3,648,264561
8,2003,2004,2,4,1518,1518,1518,1,3,6,2,2,588,274000
7,2001,2001,3,3,1057,1057,1929,2,2,7,3,2,650,226000
8,1972,1995,3,3,1952,2000,2704,2,3,9,3,2,538,345000
5,1969,1969,1,2,780,780,1620,2,1,7,3,2,462,152000
9,2009,2009,2,4,1766,1766,1766,2,3,7,3,3,478,370878
6,1971,1971,1,2,981,981,981,1,1,5,1,2,576,143250
5,1950,1950,1,,0,1048,1048,1,1,7,1,2,420,98300
6,1953,1953,1,2,1094,1094,1094,1,1,5,2,2,495,155000
6,1966,1966,1,2,756,1051,1839,1,1,7,1,2,442,155000
4,1970,1970,1,3,630,630,630,1,1,3,,0,0,84500
7,2007,2007,3,3,813,822,1665,2,2,7,2,2,562,205950
4,1940,1950,1,2,755,755,1510,1,1,7,1,1,296,108000
7,1996,1996,3,3,880,909,1716,2,2,7,2,2,512,191000
6,1906,1995,1,2,756,756,1469,1,1,7,1,1,216,135000
8,1995,1995,3,3,2109,2113,2113,2,2,7,3,3,839,350000
6,1971,1971,1,2,525,525,1092,1,1,6,1,1,264,88000
5,1959,2006,3,2,1053,1053,1053,1,2,5,2,1,312,145500
7,1931,2000,1,3,776,851,1502,1,1,6,2,1,270,149000
6,1948,1950,1,2,912,912,1458,1,1,6,1,1,330,97500
5,1964,1999,1,2,1486,1486,1486,1,1,7,3,2,480,167000
7,1976,1976,1,3,793,1142,1935,2,1,7,2,2,550,197900
8,1994,2005,3,3,1629,1686,2448,2,2,8,2,3,711,402000
6,1968,1968,1,1,1392,1392,1392,1,1,5,2,2,576,110000
4,1972,1972,1,3,1138,1181,1181,2,1,6,2,2,588,137500
8,2005,2006,3,4,2077,2097,2097,1,3,8,3,3,1134,423000
8,2000,2000,3,3,1406,1454,1936,2,2,7,2,2,504,230500
6,1965,1979,1,3,1021,1465,2380,2,1,7,1,2,596,129000
6,1994,1998,1,3,1408,1679,1679,2,2,7,2,2,575,193500
5,1956,1987,1,2,1188,1437,1437,1,1,6,1,2,576,168000
4,1922,1950,1,1,700,1180,1180,1,0,5,1,1,252,137500
6,2005,2005,3,3,738,738,1476,2,2,7,3,2,540,173500
6,1925,1950,1,2,672,697,1369,2,1,6,1,1,300,103600
6,1977,1977,3,3,1208,1208,1208,1,1,6,2,2,546,165000
6,1957,2004,1,2,1477,1839,1839,2,2,7,3,2,416,257500
6,1965,1965,1,2,1136,1136,1136,1,1,5,2,1,384,140000
6,1978,1978,1,2,855,855,1441,2,1,7,1,2,440,148500
4,1900,1950,1,2,1095,1095,1774,2,1,8,1,3,779,87000
5,1924,2006,3,2,768,792,792,1,2,5,1,1,240,109500
8,2008,2008,3,4,2046,2046,2046,2,2,7,3,3,834,372500
5,1961,1961,1,2,988,988,988,1,1,5,1,2,572,128500
6,1980,1980,1,3,923,923,923,2,1,5,2,1,264,143000
5,1932,2000,1,2,793,848,1520,1,1,6,1,1,281,159434
6,1996,1997,1,3,1291,1291,1291,1,2,6,1,2,431,173000
9,2002,2002,3,3,1626,1668,1668,2,2,7,3,3,702,285000
7,1998,1998,3,3,1195,1195,1839,2,1,7,3,2,486,221000
7,1984,1984,3,3,1190,1190,2090,2,2,6,3,2,577,207500
7,2007,2007,3,3,874,874,1761,3,2,7,3,2,578,227875
7,2004,2004,3,3,551,551,1102,2,2,4,1,2,480,148800
8,2007,2007,3,3,1419,1419,1419,2,2,7,2,2,567,392000
6,2005,2006,3,3,1362,1362,1362,2,2,6,2,2,460,194700
6,2004,2004,3,3,848,848,848,1,2,3,2,2,420,141000
10,1994,1995,2,4,2444,2444,4316,3,3,10,3,3,832,755000
7,1989,1990,3,3,1210,1238,2519,2,2,9,2,2,628,335000
5,1921,1968,1,2,1073,1073,1073,1,1,4,1,1,326,108480
5,1936,1950,1,2,927,1067,1539,1,1,5,1,2,576,141500
6,1987,1987,1,3,1112,1137,1137,2,2,5,1,2,551,176000
5,1921,1950,1,2,616,616,616,1,1,4,1,1,205,89000
5,1952,1952,1,4,980,1148,1148,1,1,6,1,1,308,123500
5,1965,2009,1,2,894,894,894,1,1,5,1,1,336,138500
7,2004,2004,3,3,1391,1391,1391,2,2,5,2,2,530,196000
8,2002,2002,3,4,1800,1800,1800,2,2,7,3,3,765,312500
7,1969,1969,1,2,1164,1164,1164,1,1,6,1,2,528,140000
8,2006,2006,2,4,1234,1264,2576,2,3,10,3,3,666,361919
5,1900,1996,1,3,360,1032,1812,2,2,8,1,2,672,140000
7,2004,2005,3,3,1473,1484,1484,2,2,7,2,2,606,213000
4,1930,1950,0,,0,372,1092,2,0,7,,0,0,55000
7,1971,2002,1,3,1643,1824,1824,2,2,5,1,2,739,302000
8,2006,2006,3,3,1324,1324,1324,2,2,6,3,2,550,254000
7,2007,2007,3,3,728,728,1456,2,2,8,3,2,400,179540
5,1966,1966,1,2,876,904,904,1,1,6,1,1,408,109900
3,1935,2003,3,2,270,729,729,1,1,5,,0,0,52000
4,1900,1950,1,2,859,859,1178,1,1,7,2,1,384,102776
8,1988,1989,3,3,1228,1228,1228,2,2,5,3,2,472,189000
4,1970,1970,1,2,960,960,960,1,1,6,1,2,576,129000
6,1976,2005,3,2,725,725,1479,2,2,6,2,2,475,130500
6,1974,1974,1,3,1064,1350,1350,2,1,7,2,2,478,165000
7,1890,1998,1,2,718,1576,2554,1,1,8,1,2,704,159500
5,1973,2000,1,3,1176,1178,1178,1,2,5,1,2,439,157000
7,1993,1994,3,3,1311,1325,2418,2,2,9,2,3,983,341000
5,1969,1969,1,3,971,971,971,1,1,5,1,1,300,128500
8,1985,1985,3,3,1742,1742,1742,2,2,5,2,2,564,275000
6,2004,2004,3,3,848,848,848,1,2,3,2,2,420,143000
4,1970,1970,1,2,864,864,864,1,1,5,1,2,463,124500
4,1954,1972,1,2,941,997,1470,2,1,7,1,1,548,135000
9,2007,2008,2,4,1698,1698,1698,2,3,8,3,3,768,320000
4,1970,1970,1,2,864,864,864,1,2,5,1,2,660,120500
6,1988,2007,3,3,880,1680,1680,2,2,5,3,2,540,222000
7,2007,2007,3,3,1232,1232,1232,2,2,6,2,2,632,194500
5,1958,1958,1,2,1584,1776,1776,2,1,9,1,3,888,110000
4,1925,1950,1,2,780,848,1208,1,1,5,1,2,539,103000
8,1995,1996,3,3,1595,1616,1616,2,2,5,2,2,608,236500
7,2003,2003,3,4,868,1146,1146,2,2,6,3,2,438,187500
7,1998,1999,3,3,1153,1153,2031,2,2,8,3,2,541,222500
5,1961,1983,1,2,864,1144,1144,1,1,6,2,1,264,131400
5,1968,1968,1,2,948,948,948,1,1,6,1,1,300,108000
7,1914,1970,1,3,880,880,1768,1,1,6,1,2,320,163000
3,1950,1950,1,,0,1040,1040,2,1,6,1,2,400,93500
8,2005,2005,3,3,893,901,1801,2,2,8,3,3,800,239900
5,1987,1988,1,3,1200,1200,1200,3,1,5,,0,0,179000
7,2004,2004,3,3,864,864,1728,2,2,7,2,2,572,190000
5,1910,2002,1,1,264,768,1432,2,1,7,1,2,360,132000
6,1961,1996,1,2,912,912,912,1,2,5,1,1,288,142000
7,2000,2001,1,3,1349,1349,1349,2,1,6,1,2,539,179000
5,1963,1999,1,3,520,1464,1464,2,1,6,2,2,480,175000
8,1993,1993,3,3,1337,1337,1337,2,2,5,2,2,462,180000
8,1976,1996,2,2,1142,1175,2715,3,2,11,3,2,831,299800
7,2000,2000,3,3,952,980,2256,2,2,8,3,2,554,236000
7,1880,2003,3,2,1240,1320,2640,1,2,8,1,4,864,265979
7,1996,1996,3,3,1720,1720,1720,2,2,7,3,2,527,260400
4,1945,1950,1,,0,1088,1529,2,1,9,1,1,240,98000
4,1910,2004,1,2,576,792,1140,1,1,7,,0,0,96500
7,2003,2003,3,3,660,660,1320,2,2,6,3,2,400,162000
6,1997,1997,1,3,1479,1494,1494,2,2,6,2,2,576,217000
8,2005,2005,3,3,1030,1038,2098,2,3,8,2,3,878,275500
6,1969,2005,1,2,1026,1026,1026,1,2,5,2,2,440,156000
6,1999,1999,1,3,729,742,1471,2,1,6,1,2,440,172500
8,2007,2007,3,3,866,866,1768,2,2,7,2,2,578,212000
6,1978,1978,1,2,672,672,1386,2,1,6,3,2,440,158900
7,1999,1999,1,3,744,757,1501,2,1,6,1,2,440,179400
8,1995,1995,3,3,1318,1328,2531,2,2,9,2,3,752,290000
6,1959,1959,1,2,864,864,864,1,1,5,1,1,300,127500
5,1924,1950,1,2,1145,1301,1301,1,0,5,1,2,440,100000
7,2009,2009,1,3,756,764,1547,2,2,7,1,2,614,215200
8,1999,1999,3,3,1252,1268,2365,2,2,8,2,3,856,337000
8,1995,1996,3,3,1494,1494,1494,1,3,6,3,2,481,270000
9,2008,2008,3,3,1498,1506,1506,2,3,6,3,2,592,264132
7,1988,1988,1,3,980,980,1714,2,1,7,1,2,496,196500
6,1940,1985,1,3,983,983,1750,2,1,7,1,1,423,160000
7,2004,2005,3,3,1860,1836,1836,2,2,8,3,2,484,216837
8,2003,2003,2,3,1650,1690,3279,3,3,12,3,3,841,538000
5,1982,1982,1,3,858,858,858,1,1,5,1,2,576,134900
4,1951,1951,1,1,836,1220,1220,1,1,6,1,2,396,102000
6,1976,1976,1,2,1029,1117,1117,1,1,6,1,2,672,107000
5,1958,1958,1,2,912,912,912,1,1,5,2,1,275,114500
8,2006,2006,3,3,1935,1973,1973,2,2,9,3,3,895,395000
6,1998,1998,1,4,1204,1204,1204,2,1,5,3,2,412,162000
7,2005,2006,3,3,1614,1614,1614,2,2,7,2,3,865,221500
5,1974,1974,1,2,864,894,894,1,1,5,1,2,440,142500
5,1977,1977,1,,0,2020,2020,2,1,10,1,2,630,144000
6,1977,1977,1,3,975,1004,1004,1,1,4,1,2,504,135000
7,1995,1996,1,3,1237,1253,1253,2,1,6,3,2,402,176000
6,1992,1992,3,3,761,810,1603,2,2,7,2,2,484,175900
7,2001,2002,3,3,1413,1430,1430,2,2,6,2,2,605,187100
5,1978,1978,1,3,1097,1110,1110,1,2,4,3,2,602,165500
6,1914,2001,1,2,742,742,1484,2,1,9,,0,0,128000
6,1967,1967,1,2,1372,1342,1342,2,1,7,1,2,457,161500
5,1915,1950,1,1,686,966,1652,2,1,7,1,1,416,139000
7,2004,2004,3,3,956,956,2084,2,2,8,2,2,618,233000
4,1954,2000,1,2,901,901,901,1,1,4,1,1,281,107900
6,1966,2007,1,2,832,976,2087,2,2,9,3,2,444,187500
7,2005,2006,3,3,1145,1145,1145,2,2,5,3,2,397,160200
6,1976,1976,1,3,1029,1062,1062,1,1,5,2,2,539,146800
7,1996,1997,3,3,1117,1127,2013,2,1,8,1,2,455,269790
8,2007,2007,3,3,1496,1496,1496,2,2,7,3,2,474,225000
7,1994,1996,3,3,712,1086,1895,2,2,7,3,2,409,194500
6,1980,1981,1,3,650,888,1564,2,1,7,1,2,476,171000
6,1977,1977,1,2,660,1285,1285,1,1,7,2,2,528,143500
5,1953,1953,1,2,773,773,773,1,1,4,1,1,240,110000
9,2008,2009,2,4,1926,1966,3140,3,3,11,3,3,820,485000
5,1937,1950,1,3,731,981,1768,1,2,7,1,1,240,175000
6,1997,1997,1,3,616,616,1688,2,2,8,2,2,603,200000
4,1916,1990,1,2,1196,1196,1196,1,1,5,1,2,440,109900
7,2005,2005,3,3,728,728,1456,2,2,7,3,2,410,189000
9,2008,2009,2,4,1734,1734,2822,3,3,12,2,3,1020,582933
5,1954,1954,1,2,936,1128,1128,1,1,5,1,1,286,118000
7,2008,2008,3,3,1417,1428,1428,2,3,6,2,2,554,227680
5,1967,1967,1,2,980,980,980,2,1,6,3,1,384,135500
5,1923,2004,1,2,1324,1072,1576,1,2,6,2,2,528,223500
5,1966,1966,1,2,1024,1086,1086,1,1,6,2,2,484,159950
5,1898,1965,1,2,849,1075,2138,2,1,11,1,2,360,106000
6,1974,1999,1,2,1040,1309,1309,1,2,5,2,2,484,181000
6,2004,2004,3,3,848,848,848,1,2,4,3,2,420,144500
5,1952,1952,0,2,540,1044,1044,1,0,4,1,2,504,55993
6,1958,1958,1,2,1442,1442,1442,1,1,7,2,1,301,157900
5,1918,1950,1,2,686,686,1250,1,0,7,1,1,280,116000
7,1998,1998,1,3,1649,1661,1661,2,2,6,2,2,598,224900
5,1954,1954,1,2,1008,1008,1008,1,1,4,2,1,275,137000
8,2002,2002,3,3,1568,1689,1689,2,2,7,2,3,857,271000
6,1971,1971,1,2,1010,1052,1052,1,1,6,1,2,440,155000
7,2009,2010,3,3,1358,1358,1358,2,2,6,2,2,484,224000
7,2003,2003,3,3,798,798,1640,2,2,6,2,2,595,183000
4,1953,1953,0,1,936,936,936,1,1,4,1,2,576,93000
7,2003,2003,3,3,847,847,1733,2,2,7,3,2,433,225000
6,1940,1950,1,2,778,944,1489,2,1,7,1,1,240,139500
8,2006,2006,3,3,1489,1489,1489,2,2,7,2,2,776,232600
10,2007,2008,2,4,2078,2084,2084,2,3,7,3,3,1220,385000
5,1924,1950,1,2,784,784,784,1,2,5,,0,0,109500
7,2001,2001,3,3,1454,1434,1434,2,2,6,2,2,527,189000
5,1967,1967,1,2,1013,1160,2126,2,1,7,3,2,538,185000
7,2005,2005,3,3,600,520,1223,2,2,4,2,2,480,147400
6,1957,1957,1,2,1392,1392,1392,1,1,6,2,2,458,166000
7,2005,2005,1,3,600,520,1200,2,2,4,2,2,480,151000
7,2003,2003,3,3,941,941,1829,2,2,7,2,2,613,237000
6,1964,1964,1,2,1516,1516,1516,1,1,6,2,2,472,167000
5,1961,1961,1,2,1144,1144,1144,1,1,6,1,2,456,139950
4,1950,1995,1,3,1067,1067,1067,2,2,4,1,2,436,128000
5,1948,1973,1,2,1559,1559,1559,1,1,5,1,2,812,153500
6,1973,1973,1,2,483,483,987,1,1,5,1,1,264,100000
5,1995,2006,1,3,1099,1099,1099,1,2,6,1,1,352,144000
5,1946,1995,1,2,768,768,1200,1,1,6,1,1,240,130500
6,1925,1950,1,2,672,810,1482,2,0,7,1,1,400,140000
5,1904,2002,1,2,650,958,1539,2,2,8,1,2,686,157500
6,1966,1966,1,2,1127,1165,1165,1,1,6,2,2,490,174900
5,1961,1961,1,2,1800,1800,1800,2,1,10,,0,0,141000
5,1915,1950,1,2,876,876,1416,1,1,7,1,3,720,153900
5,1975,1981,1,3,1390,1701,1701,2,1,6,3,2,611,171000
7,1993,1993,3,3,740,1006,1775,2,2,7,1,2,425,213000
5,1972,1972,1,2,864,864,864,1,1,5,1,1,338,133500
6,1908,1997,1,2,907,1307,2358,3,1,10,1,2,360,240000
6,1976,1994,3,2,528,1094,1855,2,1,7,2,2,512,187000
6,2003,2003,3,3,848,848,848,1,2,3,3,2,420,131500
8,2003,2003,3,3,1273,1456,1456,2,2,7,3,2,400,215000
7,1941,1950,1,2,918,918,1646,2,1,7,1,1,240,164000
6,1964,1964,1,2,1127,1445,1445,1,1,7,2,2,645,158000
5,1955,1974,1,2,1763,1779,1779,1,1,6,1,2,454,170000
5,1962,2010,1,2,1040,1040,1040,1,1,6,1,1,260,127000
6,1978,1978,1,3,940,1026,1026,1,1,5,1,2,576,147000
6,1994,1995,1,3,702,702,1481,2,1,6,3,2,343,174000
7,1976,1976,1,3,1090,1370,1370,2,1,6,2,2,479,152000
6,1968,1984,1,2,1054,1512,2654,2,2,9,1,2,619,250000
7,1918,1998,3,2,912,912,1426,1,2,7,1,1,216,189950
5,1965,1965,1,2,1039,1039,1039,1,1,6,1,2,504,131500
6,1984,1985,1,3,1040,1097,1097,2,1,6,1,2,480,152000
5,1959,1959,1,2,1148,1148,1148,1,1,6,1,1,672,132500
7,2007,2008,3,4,1372,1372,1372,2,2,6,3,2,529,250580
5,1970,1970,1,2,1002,1002,1002,1,1,5,1,2,902,148500
8,2006,2007,3,3,1638,1646,1646,2,2,6,2,3,870,248900
4,1961,1961,1,2,1040,1120,1120,1,0,5,2,2,544,129000
5,1948,1950,1,,0,1547,2320,2,1,7,1,2,672,169000
7,1993,1994,3,3,1050,1062,1949,2,2,8,3,2,574,236000
5,1962,1962,1,2,894,894,894,1,1,5,1,1,308,109500
6,1998,1998,1,3,804,804,1682,2,2,7,2,2,523,200500
5,1953,1996,3,2,105,910,910,1,2,5,1,2,414,116000
5,1949,1950,3,2,832,1036,1268,1,1,6,1,1,288,133000
5,1941,1950,1,2,676,676,1131,1,1,5,1,1,200,66500
8,2007,2007,3,3,1184,1184,2610,2,3,11,3,2,550,303477
4,1963,1963,1,2,1064,1040,1040,1,1,5,1,2,648,132250
9,2004,2005,3,4,1462,1462,2224,2,3,10,3,3,738,350000
5,1961,1995,1,2,1109,1155,1155,1,2,6,1,2,576,148000
5,1978,2005,3,2,864,864,864,1,1,6,1,1,336,136500
5,2005,2006,1,4,1090,1090,1090,1,1,5,3,2,450,157000
7,1990,1991,3,3,1156,1187,1717,2,2,7,2,2,400,187500
6,1992,1993,1,3,808,808,1593,2,1,7,2,2,389,178000
4,1912,1950,3,2,795,954,2230,1,1,10,1,1,440,118500
5,1967,1967,1,2,892,892,892,1,1,5,2,1,288,100000
9,1999,2000,3,4,1698,1709,1709,2,2,5,3,2,506,328900
5,1959,2005,1,2,1626,1712,1712,2,1,8,3,2,588,145000
5,1955,1955,1,2,816,872,1393,1,1,8,1,1,300,135500
8,1970,1970,3,2,2217,2217,2217,2,2,8,1,2,621,268000
6,1953,1953,1,2,1505,1505,1505,1,1,6,2,2,505,149500
5,1949,2006,1,2,672,672,924,1,1,6,1,2,576,122900
6,1978,1978,1,2,918,918,1683,2,1,7,2,2,440,172500
6,1963,2003,1,2,1059,1068,1068,1,1,6,2,1,264,154500
5,1954,1954,1,3,1383,1383,1383,1,1,6,1,1,354,165000
5,1979,1979,1,,0,1535,1535,2,1,8,1,2,400,118858
6,1963,1963,1,2,780,983,1796,1,1,8,2,2,483,140000
4,1936,1950,1,2,951,951,951,1,1,6,1,1,327,106500
5,1979,1979,1,,0,1120,2240,2,1,12,1,2,528,142953
9,2009,2010,2,4,2330,2364,2364,2,3,11,3,3,820,611657
5,1961,1994,1,2,912,1236,1236,1,1,6,1,1,288,135000
4,1971,1971,1,2,858,858,858,1,1,4,1,1,684,110000
5,1957,2000,1,2,992,1306,1306,1,1,5,1,1,756,153000
7,2003,2003,3,3,783,807,1509,2,2,8,3,2,393,180000
7,2006,2006,3,3,1670,1670,1670,2,2,7,2,3,690,240000
5,1967,1967,1,2,876,902,902,1,1,6,1,1,288,125500
5,1954,1954,1,2,1056,1063,1063,1,1,6,2,1,280,128000
8,2006,2006,3,3,1623,1636,1636,2,2,8,2,3,865,255000
7,1936,1987,3,3,1017,1020,2057,1,2,6,3,1,180,250000
5,1983,1983,1,3,864,902,902,1,1,5,1,2,484,131000
6,2005,2005,3,3,742,742,1484,2,2,8,3,2,390,174000
5,1960,1960,1,2,1105,1105,2274,2,1,12,1,2,480,154300
5,1977,1989,1,3,1268,1268,1268,1,2,5,1,1,252,143500
5,1925,1950,1,2,768,1015,1015,1,1,6,1,1,450,88000
5,1949,1950,1,2,1001,1001,2002,2,1,8,1,3,871,145000
6,2009,2009,3,3,612,612,1224,2,2,4,2,2,528,173733
4,1970,1970,1,2,546,546,1092,1,1,6,1,1,286,75000
2,1949,1950,1,2,480,480,480,0,1,4,1,1,308,35311
4,1956,1956,1,2,1134,1229,1229,1,1,6,2,1,284,135000
7,1991,1991,3,4,1104,912,2127,2,2,8,2,3,833,238000
6,1958,2002,2,3,1184,1414,1414,1,1,6,1,2,601,176500
6,1994,1994,3,3,928,936,1721,2,2,7,2,2,471,201000
5,1900,2003,1,2,1272,1272,2200,2,1,9,,0,0,145900
6,2005,2006,3,3,1316,1316,1316,2,2,6,3,2,397,169990
6,1993,1994,3,3,1604,1617,1617,2,2,5,2,2,533,193000
6,1980,1980,1,3,1686,1686,1686,2,1,7,1,2,612,207500
5,1977,1977,1,3,1126,1126,1126,2,3,6,2,2,540,175000
8,2003,2004,3,3,1181,1234,2374,2,3,10,3,3,656,285000
7,1968,1968,1,2,832,1098,1978,2,1,9,2,2,486,176000
8,2001,2001,3,3,1753,1788,1788,2,3,7,2,2,522,236500
7,1997,1997,1,3,964,993,2236,2,2,8,3,2,642,222000
8,2007,2007,3,3,1466,1466,1466,2,2,7,3,3,610,201000
5,1965,1965,1,2,925,925,925,1,1,5,1,1,429,117500
9,2006,2006,2,4,1905,1905,1905,2,3,8,3,3,788,320000
7,2004,2004,3,3,1500,1500,1500,2,2,6,2,2,570,190000
7,1960,2007,1,3,585,2069,2069,2,2,9,2,2,505,242000
4,1926,1953,1,1,600,747,747,1,1,5,1,2,528,79900
7,2003,2003,3,3,1176,1200,1200,2,2,5,2,2,555,184900
7,2005,2005,3,3,1113,1113,1971,2,2,8,2,2,689,253000
7,2006,2006,3,3,1391,1391,1962,2,2,7,2,3,868,239799
7,1940,1950,1,2,1032,1207,2403,2,1,10,1,1,349,244400
6,1976,1976,1,2,1728,1728,1728,2,1,8,1,2,574,150900
7,1999,1999,3,3,992,1022,2060,2,2,8,2,2,390,214000
4,1977,1977,1,3,1440,1440,1440,2,1,8,,0,0,150000
5,1967,1967,1,2,1632,1632,1632,2,1,8,1,2,576,143000
6,1958,1958,1,2,819,1344,1344,1,2,7,2,2,525,137500
5,1890,1996,1,2,1088,1188,1869,1,1,7,1,2,456,124900
5,1959,1959,1,2,1144,1144,1144,1,1,6,2,1,796,143000
8,2002,2003,3,3,1616,1629,1629,2,2,9,3,3,808,270000
7,2002,2002,3,3,936,936,1776,2,2,7,2,2,474,192500
6,1972,2006,1,2,1161,1381,1381,1,2,5,2,2,676,197500
5,1950,2002,1,2,864,864,864,1,2,5,2,2,720,129000
5,1965,1965,1,2,828,965,965,1,1,6,1,1,300,119900
5,1972,2003,1,3,768,768,768,1,1,5,3,1,396,133900
5,1969,1969,1,2,784,1168,1968,2,1,7,2,2,530,172000
6,1975,1975,1,3,945,980,980,2,1,4,,0,0,127500
6,1946,1950,1,3,979,979,1958,2,1,8,1,2,492,145000
6,1980,1980,1,3,561,561,1229,1,1,5,3,2,462,124000
5,1962,1962,1,2,1057,1057,1057,1,1,6,3,2,576,132000
7,2003,2003,3,3,1337,1337,1337,2,2,6,2,2,531,185000
7,1999,1999,3,3,696,696,1416,2,2,6,1,2,484,155000
5,1958,2008,1,2,858,858,858,1,1,4,,0,0,116500
6,1977,1995,1,3,1330,1542,2872,2,1,11,3,2,619,272000
6,1976,1976,1,3,804,804,1548,2,2,7,1,2,440,155000
9,2007,2007,3,4,1800,1800,1800,2,3,7,3,2,702,239000
7,2002,2003,3,3,817,824,1894,2,2,8,3,2,510,214900
6,2005,2007,3,3,783,783,1484,2,2,8,3,2,393,178900
5,1940,1950,3,2,728,976,1308,1,1,7,1,1,256,160000
5,1955,1955,1,2,1098,1098,1098,1,1,6,1,1,260,135000
3,1910,1950,1,2,600,600,968,1,1,6,,0,0,37900
6,1958,1958,1,2,588,1095,1095,1,1,6,2,1,264,140000
4,1949,1950,1,2,720,720,1192,1,1,6,,0,0,135000
7,2003,2004,3,3,764,764,1626,2,2,6,2,2,474,173000
6,1979,1979,1,3,918,918,918,2,1,5,1,1,264,99500
7,2007,2008,3,3,1428,1428,1428,2,2,6,3,2,480,182000
7,1910,1993,1,3,728,1136,2019,1,2,8,1,2,532,167500
7,2000,2000,3,3,673,673,1382,2,2,6,1,2,490,165000
4,1923,1958,1,3,440,869,869,1,0,4,,0,0,85500
7,2006,2007,3,3,1241,1241,1241,1,2,4,3,2,569,199900
4,1954,1954,1,2,894,894,894,1,1,5,1,2,400,110000
5,1963,1963,1,2,1121,1121,1121,1,1,5,1,2,480,139000
7,1961,2007,2,2,944,999,999,1,3,6,2,2,588,178400
8,1998,1999,3,3,1225,1276,2612,2,2,8,3,3,676,336000
7,2007,2007,3,3,1266,1266,1266,2,2,6,3,2,388,159895
8,2002,2002,3,3,1128,1149,2290,2,2,9,1,2,779,255900
5,1977,1977,1,,0,1302,1734,2,2,8,1,2,539,126000
5,1950,1950,1,2,1164,1164,1164,1,1,5,1,1,240,125000
6,1910,2003,1,2,485,1001,1635,1,2,5,1,1,255,117000
9,2009,2010,2,4,1930,1940,1940,2,3,8,3,3,606,395192
6,1976,1976,1,2,848,1118,2030,2,2,8,3,2,551,195000
7,2006,2006,3,3,770,778,1576,2,2,6,2,2,614,197000
8,1997,1998,3,3,1396,1407,2392,2,2,7,3,3,870,348000
8,1882,1986,3,2,916,916,1742,1,2,8,1,2,424,168000
6,1964,1993,1,2,822,1020,1851,2,2,7,2,2,440,187000
6,2005,2006,1,3,750,750,1500,2,2,6,2,2,564,173900
10,2006,2007,2,4,1700,1718,1718,2,3,7,3,3,786,337500
4,1946,1950,1,2,747,774,1230,1,1,5,1,1,305,121600
5,1961,1961,1,2,1050,1050,1050,1,1,6,1,1,368,136500
6,1970,1970,1,2,1442,1442,1442,2,1,6,2,2,615,185000
3,1922,1950,1,2,1007,1077,1077,1,1,6,1,1,210,91000
7,2006,2006,3,3,1187,1208,1208,2,2,6,2,2,632,206000
3,1952,1952,1,,0,944,944,1,0,4,1,2,528,82000
5,1920,1950,1,1,691,691,691,1,3,4,1,1,216,86000
8,2006,2006,3,3,1574,1574,1574,2,2,7,2,3,824,232000
5,1976,1976,1,2,1680,1680,1680,2,1,8,1,2,528,136905
7,2005,2006,3,3,1346,1504,1504,2,2,7,3,2,457,181000
5,1977,1977,3,3,985,985,985,2,1,6,1,1,328,149900
6,1970,1970,1,3,1657,1657,1657,2,1,7,1,2,484,163500
4,1970,1970,1,2,546,546,1092,1,1,6,2,1,286,88000
7,2004,2005,3,4,1710,1710,1710,2,2,7,3,2,550,240000
5,1926,1950,1,2,1008,1008,1522,2,1,7,,0,0,102000
5,1948,1950,1,2,720,720,1271,2,1,7,1,1,312,135000
5,1965,1965,1,,0,1664,1664,2,1,8,,0,0,100000
6,1923,1996,1,2,602,900,1502,1,2,7,1,1,180,165000
5,1910,2006,1,2,1022,1022,1022,1,1,4,1,1,280,85000
6,1948,1950,1,2,1082,1082,1082,1,1,5,1,1,240,119200
8,2001,2001,3,3,810,810,1665,2,2,6,3,2,528,227000
7,1996,1996,3,3,1504,1504,1504,2,2,6,3,2,478,203000
8,1984,1984,3,3,1220,1360,1360,1,2,4,2,2,565,187500
7,1991,1992,3,3,384,802,1472,2,2,7,2,2,402,160000
7,2005,2005,3,3,1362,1506,1506,2,2,6,3,2,440,213490
4,2005,2005,1,3,1132,1132,1132,1,2,5,3,2,451,176000
7,2006,2006,3,3,1199,1220,1220,2,2,6,2,2,632,194000
5,1930,1950,1,2,912,912,1248,1,1,6,1,1,160,87000
7,2005,2006,3,3,1346,1504,1504,2,2,7,3,2,437,191000
8,1976,1976,3,3,1565,2898,2898,2,2,10,3,2,665,287000
5,1972,1972,1,2,882,882,882,1,1,5,1,2,461,112500
5,1960,1960,1,2,1268,1264,1264,1,1,6,1,2,461,167500
8,2007,2008,3,3,1638,1646,1646,2,2,7,2,3,800,293077
5,1941,1950,1,2,768,968,1376,1,1,6,1,1,240,105000
6,1972,1972,1,2,672,672,1218,1,1,7,1,1,264,118000
5,1916,1995,1,2,686,948,1928,2,1,10,,0,0,160000
7,1920,1970,1,2,824,1687,3082,2,1,12,3,2,672,197000
8,1993,1993,3,3,1338,1352,2520,2,2,10,2,3,796,310000
7,2002,2002,3,3,1654,1654,1654,2,2,6,1,3,900,230000
5,1938,1950,1,1,920,954,954,1,0,5,1,1,240,119750
4,1957,1957,1,,0,845,845,1,1,5,1,1,290,84000
9,2007,2008,3,4,1620,1620,1620,2,3,6,3,3,912,315500
8,2001,2002,3,3,1055,1055,2263,2,2,7,3,2,905,287000
4,1970,2008,1,2,546,798,1344,1,1,6,,0,0,97000
4,1970,1970,1,3,630,630,630,1,1,3,1,1,286,80000
5,1957,2000,1,2,1134,1803,1803,2,1,8,2,2,484,155000
6,1966,2000,1,2,800,800,1632,1,2,7,1,2,484,173000
6,2005,2005,3,3,1306,1306,1306,2,2,5,2,2,624,196000
7,1990,1990,1,3,1475,1532,2329,2,2,10,1,2,514,262280
8,1981,1981,3,3,2524,2524,2524,2,2,9,3,2,542,278000
3,1955,1955,1,,0,1733,1733,2,1,8,1,2,452,139600
9,2005,2006,3,4,1992,1992,2868,3,3,11,3,3,716,556581
5,1994,1995,1,3,990,990,990,1,1,5,1,2,672,145000
5,1960,2006,1,,0,1771,1771,1,1,9,1,2,336,115000
4,1946,2006,1,,0,930,930,1,2,6,1,1,308,84900
7,2007,2007,3,3,1302,1302,1302,2,2,6,3,2,436,176485
7,2007,2007,3,3,1316,1316,1316,2,2,6,3,2,440,200141
6,1964,1978,1,2,816,1127,1977,1,1,9,2,2,540,165000
5,1957,2002,1,2,1216,1526,1526,1,1,7,1,1,364,144500
8,2002,2002,3,3,1065,1091,1989,2,2,7,3,2,586,255000
6,1976,1976,1,3,1193,1523,1523,2,1,7,3,2,478,180000
7,2005,2005,3,3,1364,1364,1364,2,2,6,2,2,484,185850
7,1994,1994,3,3,973,979,1850,2,2,7,3,2,467,248000
9,2008,2008,2,4,1104,1130,2184,2,3,10,3,3,836,335000
6,1932,1950,1,2,854,1096,1991,1,1,7,1,2,432,220000
8,2001,2001,3,3,1338,1338,1338,2,2,6,3,2,582,213500
3,1935,1950,0,2,894,894,894,1,1,6,2,3,1248,81000
5,1900,1950,1,2,662,1422,2337,2,1,10,1,2,560,90000
6,1925,1980,1,2,1103,1103,1103,1,2,5,1,2,440,110500
5,1966,1966,1,2,1154,1154,1154,1,1,6,2,2,480,154000
7,1996,1997,3,4,1306,1306,2260,2,2,7,2,2,533,328000
6,1993,1994,3,3,799,799,1571,2,1,7,2,2,380,178000
6,1964,1964,1,2,780,798,1611,1,1,7,2,2,442,167900
6,1973,1973,1,3,942,1291,2521,2,1,10,3,2,576,151400
5,1949,2003,1,2,845,893,893,1,2,4,1,2,576,135000
5,1956,1956,1,2,1048,1048,1048,1,1,6,1,1,286,135000
6,1968,1968,1,2,727,829,1556,1,1,8,1,2,441,154000
5,1948,1950,1,1,810,1002,1456,1,1,7,1,1,280,91500
6,1977,1977,1,2,690,698,1426,1,1,6,3,2,440,159500
7,2006,2006,3,3,1240,1240,1240,2,2,5,2,3,826,194000
7,1940,1984,1,2,800,960,1740,1,1,6,1,1,240,219500
5,1936,1989,1,1,796,1096,1466,2,2,7,1,2,566,170000
5,1969,1969,1,2,1096,1096,1096,1,1,6,3,1,299,138800
6,2004,2004,3,3,848,848,848,1,2,3,2,2,420,155900
5,1994,1994,1,3,990,990,990,1,1,5,1,1,299,126000
6,1971,2004,3,2,1258,1258,1258,2,2,5,2,2,528,145000
5,1963,1963,1,2,1040,1040,1040,1,1,5,3,1,308,133000
7,2002,2002,3,3,1459,1459,1459,2,2,6,2,2,527,192000
6,1964,1964,1,2,1251,1251,1251,1,1,6,2,1,461,160000
6,1995,1996,1,3,691,691,1498,2,1,6,3,2,409,187500
6,1992,1992,1,3,936,996,996,1,2,5,1,2,564,147000
4,1973,1973,1,2,546,546,1092,1,1,6,2,1,286,83500
8,2005,2006,3,3,1082,1082,1953,2,2,9,2,3,1043,252000
7,2004,2004,3,3,970,970,1709,2,2,7,1,2,380,137500
8,2005,2005,3,3,1247,1247,1247,1,2,4,3,2,550,197000
3,1950,1950,1,,0,1040,1040,2,1,6,1,2,400,92900
7,1999,2000,3,3,600,624,1252,2,2,4,1,2,462,160000
6,1925,1950,1,2,1181,1390,1694,2,1,7,1,2,576,136500
5,1965,1998,1,2,864,1200,1200,1,2,6,1,2,884,146000
5,1956,2000,1,2,936,936,936,1,1,4,3,1,308,129000
6,2006,2006,3,3,1314,1314,1314,2,2,6,2,2,440,176432
6,1914,2006,1,2,684,773,1355,1,2,7,,0,0,127000
8,1986,1986,3,3,1074,1088,1088,1,2,5,2,2,461,170000
4,1936,1950,1,2,672,757,1324,1,1,6,1,1,240,128000
7,1978,1978,1,3,1271,1601,1601,2,1,7,2,2,478,157000
2,1920,1950,1,2,290,438,438,1,0,3,1,1,246,60000
5,1971,1971,1,2,950,950,950,1,1,5,1,1,280,119500
5,1960,2002,1,2,1010,1134,1134,1,1,6,2,1,254,135000
6,1959,1959,1,2,655,1194,1194,1,1,6,3,2,539,159500
5,1970,1970,1,2,630,630,1302,2,1,6,1,2,440,106000
8,1994,1995,3,4,1463,1500,2622,2,2,9,2,2,712,325000
7,1990,1991,3,3,910,1442,1442,2,2,6,3,2,719,179900
7,2006,2006,3,4,868,887,2021,2,2,9,2,2,422,274725
6,2000,2000,1,3,924,948,1690,2,1,7,2,2,463,181000
8,2004,2005,3,4,1836,1836,1836,2,2,7,3,3,862,280000
6,1995,1996,1,3,773,773,1658,2,1,8,3,2,431,188000
7,1976,1976,1,2,803,1098,1964,2,1,8,2,2,483,205000
5,1957,1957,1,2,816,816,816,1,1,5,1,1,308,129900
5,1953,2006,1,2,1008,1008,1008,1,2,6,1,1,240,134500
5,1954,2000,1,2,833,833,833,1,2,4,1,1,326,117000
8,2007,2007,3,4,1734,1734,1734,2,3,7,2,3,928,318000
8,2002,2002,3,3,408,779,1419,2,2,7,3,2,527,184100
5,1967,2003,1,2,894,894,894,1,2,5,2,2,450,130000
5,1958,1987,1,2,533,1021,1601,1,1,6,2,1,300,140000
5,1959,1959,1,2,1040,1040,1040,1,1,6,2,1,286,133700
6,1920,1950,1,2,1012,1012,1012,1,1,6,1,1,308,118400
7,2005,2006,3,3,1552,1552,1552,2,2,7,2,3,782,212900
4,1956,1956,1,2,672,960,960,1,1,5,1,1,288,112000
5,1947,2008,1,2,698,698,698,1,1,4,,0,0,118000
7,1992,1992,1,3,384,812,1482,2,2,7,3,2,392,163900
4,1955,1955,1,2,1005,1005,1005,1,0,5,1,2,672,115000
7,2007,2007,3,3,1373,1555,1555,2,2,7,3,3,660,174000
7,2004,2004,3,3,1530,1530,1530,2,2,7,3,3,630,259000
7,2004,2005,3,3,847,847,1959,2,2,8,3,2,434,215000
5,1980,1980,1,3,936,936,936,1,1,4,1,2,672,140000
4,1928,1950,1,2,1122,1328,1981,2,2,7,1,2,576,135000
5,1991,1992,1,3,974,974,974,1,1,5,,0,0,93500
6,1880,1950,1,2,1008,1178,2210,2,0,8,1,1,205,117500
8,1995,1995,3,3,1128,1142,2020,2,2,8,2,2,466,239500
6,1997,1997,1,3,916,916,1600,2,1,7,3,2,460,169000
6,1926,1950,1,2,960,986,986,1,1,5,1,1,180,102000
6,1950,1950,1,2,1032,1032,1252,1,1,6,1,1,288,119000
5,1875,1996,1,2,780,780,1020,1,1,6,,0,0,94000
6,1977,1977,1,2,1567,1567,1567,2,2,5,2,2,714,196000
5,1920,1950,1,2,915,1167,1167,1,1,6,1,2,495,144000
5,1951,1951,1,2,952,952,952,1,1,4,1,2,840,139000
5,1976,1976,1,2,780,1088,1868,2,2,9,1,2,484,197500
8,2006,2007,3,4,1466,1466,2828,3,2,11,2,3,1052,424870
5,1959,1959,1,2,1006,1006,1006,1,1,5,,0,0,80000
4,1941,1950,1,3,672,672,924,1,0,5,1,1,280,80000
5,1928,1950,1,2,1042,1042,1576,1,1,8,1,1,225,149000
6,1985,1985,3,3,1298,1298,1298,2,2,5,1,2,403,180000
7,1941,1950,1,2,704,860,1564,1,0,7,1,1,234,174500
7,1926,1950,1,2,572,572,1111,1,1,5,1,1,288,116900
7,1920,1988,1,2,650,832,1482,1,1,7,1,2,324,143000
6,1950,1950,1,2,932,932,932,1,2,4,1,1,306,124000
5,1959,1959,1,2,1466,1466,1466,1,0,6,3,2,528,149900
6,1956,2004,1,2,1073,1811,1811,1,3,6,3,2,470,230000
6,1930,2007,3,2,816,816,816,1,1,5,1,1,432,120500
7,1965,1988,1,2,864,902,1820,1,2,8,1,2,492,201800
5,1976,2004,3,3,1437,1437,1437,2,2,6,2,2,528,218000
5,1965,1999,1,2,1219,1265,1265,2,2,6,2,2,502,179900
7,2007,2008,3,3,1314,1314,1314,2,2,6,2,2,626,230000
8,2007,2008,3,3,1580,1580,1580,2,2,7,2,3,830,235128
6,1974,1974,3,2,901,943,1876,2,2,8,2,2,540,185000
6,1978,1978,1,3,855,855,1456,2,1,7,1,2,440,146000
6,1954,2006,3,2,1296,1640,1640,1,2,7,1,2,924,224000
5,1968,1968,1,3,894,894,894,1,1,5,3,2,450,129000
4,1969,1969,1,3,1198,1258,1258,0,1,6,1,2,400,108959
5,1978,1978,1,3,1360,1432,1432,1,2,5,1,2,588,194000
7,2009,2009,3,3,1502,1502,1502,2,2,7,2,2,644,233170
8,2008,2008,3,3,1694,1694,1694,2,2,7,2,3,776,245350
6,2000,2000,1,3,959,959,1671,2,1,7,3,2,472,173000
6,1935,1986,1,2,1127,1236,2108,2,2,7,1,2,540,235000
10,1995,1996,3,4,1930,1831,3627,3,2,10,3,3,807,625000
6,1977,1977,1,2,1096,1118,1118,1,1,6,3,1,358,171000
6,1958,1958,1,2,1261,1261,1261,1,1,6,2,2,433,163000
7,2006,2007,3,3,625,625,1250,2,2,5,3,2,625,171900
5,1946,1994,1,2,1598,1636,3086,3,3,12,,0,0,200500
6,1932,1950,1,3,952,1170,2345,2,1,9,1,2,360,239000
8,1992,2000,3,3,1683,2129,2872,2,2,9,3,2,541,285000
5,1984,1985,1,2,876,923,923,1,1,5,1,1,264,119500
6,1926,2004,1,2,818,818,1224,1,1,5,1,1,210,115000
5,1921,1950,1,2,731,820,1343,1,1,7,1,1,186,154900
5,1954,1954,1,,0,1124,1124,1,1,5,,0,0,93000
7,1990,1991,1,3,1216,1298,2514,2,1,8,3,2,693,250000
8,2008,2008,2,4,1600,1652,1652,2,2,5,3,2,482,392500
10,1996,1996,3,4,2396,2411,4476,3,3,10,3,3,813,745000
5,1920,1950,1,2,1120,1130,1130,1,1,5,1,2,720,120000
5,1963,1963,1,2,1572,1572,1572,1,1,5,2,3,995,186700
5,1924,1950,1,2,784,949,1221,1,1,7,1,1,392,104900
3,1900,1970,1,1,978,1014,1699,2,1,7,1,2,420,95000
8,1994,1995,3,3,1624,1624,1624,2,2,5,2,3,757,262000
7,2002,2002,3,3,831,831,1660,2,2,7,2,2,493,195000
7,1999,1999,1,2,994,1028,1804,2,2,7,3,2,442,189000
4,1961,1975,1,2,1249,1622,1622,1,1,7,3,4,1356,168000
8,1999,2000,3,3,776,764,1441,2,2,5,1,2,492,174000
5,1925,1994,1,2,702,842,1472,1,2,6,1,1,250,125000
6,1999,1999,1,4,1224,1224,1224,2,1,5,3,2,402,165000
6,1969,1969,1,2,663,663,1352,1,1,7,3,1,299,158000
6,2005,2005,1,3,728,728,1456,2,2,8,3,2,400,176000
7,2006,2006,3,3,879,879,1863,2,2,9,3,3,660,219210
7,1916,1950,1,2,815,815,1690,1,1,7,1,1,225,144000
7,2001,2001,3,3,1212,1212,1212,2,2,6,2,2,573,178000
4,1963,1979,1,2,1051,1382,1382,1,1,6,1,2,459,148000
4,1970,1970,1,2,864,864,864,1,1,5,1,1,280,116050
7,1998,1998,1,3,866,866,1779,2,2,6,2,2,546,197900
5,1925,1997,1,2,884,884,1348,1,1,5,1,1,216,117000
7,2000,2001,3,3,1630,1630,1630,2,2,6,1,2,451,213000
5,1975,1975,1,3,1056,1074,1074,1,1,6,2,2,495,153500
7,1990,1991,3,3,2158,2196,2196,2,2,7,2,3,701,271900
4,1966,1966,1,2,1056,1056,1056,1,1,5,1,1,384,107000
6,2003,2003,3,3,1682,1700,1700,2,2,7,2,2,544,200000
5,1962,1980,1,2,931,1283,1283,1,1,6,1,2,506,140000
8,2006,2006,3,4,1660,1660,1660,2,2,8,2,2,500,290000
6,1992,1992,3,3,1055,1055,1845,2,2,8,2,2,462,189000
8,1988,2005,3,3,559,1080,1752,2,1,8,2,2,492,164000
4,1941,1950,1,2,672,672,672,1,1,4,1,1,234,113000
4,1965,2001,1,2,648,960,960,0,1,3,1,1,364,145000
5,1962,1962,1,2,925,999,999,1,1,6,1,1,300,134500
5,1966,1966,1,2,894,894,894,1,1,5,2,1,384,125000
6,1978,1978,1,,0,1318,1902,2,1,8,1,2,539,112000
8,2009,2009,3,3,1300,1314,1314,2,2,6,2,2,552,229456
4,1947,1950,1,,0,672,912,1,1,3,,0,0,80500
6,1971,1971,1,2,672,672,1218,1,1,7,,0,0,91500
5,1964,1964,1,2,912,912,912,1,1,5,1,1,288,115000
5,1968,1968,1,2,952,1211,1211,1,1,5,1,1,322,134000
6,1949,1950,1,2,1040,1168,1846,2,1,7,1,1,315,143000
5,1951,1951,1,2,2136,2136,2136,2,1,7,1,2,528,137900
7,2004,2005,3,3,788,788,1490,2,2,8,3,2,388,184000
6,1958,1958,1,2,588,1138,1138,1,1,6,2,1,264,145000
6,2007,2007,3,3,894,894,1933,2,2,9,3,3,668,214000
5,1965,2008,1,2,912,912,912,1,2,5,1,2,576,147000
9,2008,2008,2,4,1702,1702,1702,1,3,7,3,3,1052,367294
5,1960,1960,1,2,1075,1507,1507,2,1,7,1,1,404,127000
5,1977,1977,1,3,1361,1361,2620,2,1,12,2,2,600,190000
5,1962,1962,1,2,1106,1190,1190,1,1,6,1,2,540,132500
4,1962,1962,1,,0,1224,1224,2,1,6,1,2,462,101800
5,1959,1959,1,2,1188,1188,1188,1,1,6,2,2,531,142000
5,1911,1950,1,2,940,1024,1964,1,1,7,,0,0,130000
5,1914,1950,1,3,747,892,1784,1,1,9,1,1,180,138887
7,2003,2003,3,3,764,764,1626,2,2,6,2,2,474,175500
7,2004,2005,3,3,847,847,1948,2,2,8,3,2,434,195000
6,2005,2005,3,3,1141,1141,1141,1,1,6,1,2,484,142500
8,2006,2006,3,3,1476,1484,1484,2,3,6,2,2,472,265900
7,2003,2003,3,3,884,884,1768,2,2,8,2,2,543,224900
7,2007,2007,3,3,1689,1689,1689,2,2,7,2,3,954,248328
7,1974,1974,1,3,1053,1173,1173,2,2,6,2,2,528,170000
10,2006,2006,2,4,2076,2076,2076,2,3,7,3,3,850,465000
8,1929,1950,1,3,792,792,1517,1,2,7,1,2,400,230000
6,1984,2003,1,3,585,1140,1868,3,1,7,3,2,477,178000
7,2005,2006,3,3,756,756,1553,2,2,6,2,2,615,186500
6,1976,1976,1,2,1012,1034,1034,1,1,6,1,3,888,169900
6,1917,1950,1,3,735,1134,2058,1,1,8,1,2,396,129500
5,1950,1950,1,2,876,988,988,1,1,6,1,1,276,119000
7,1968,1968,3,2,2110,2110,2110,2,3,8,3,2,522,244000
7,2003,2003,3,3,1405,1405,1405,2,2,6,2,2,478,171750
5,1968,1968,1,2,864,874,874,1,1,5,2,1,288,130000
7,1974,2003,3,2,1192,1516,2167,2,2,9,2,2,518,294000
7,2003,2004,3,3,746,760,1656,2,2,7,3,2,397,165400
6,1931,1950,1,2,884,959,1367,1,1,6,1,1,560,127500
8,1994,1994,3,3,1986,1987,1987,2,2,7,3,2,691,301500
5,1922,1950,1,1,864,864,864,1,1,4,,0,0,99900
7,2005,2005,3,3,856,1166,1166,2,2,5,3,2,400,190000
6,1969,1969,1,3,1054,1054,1054,1,1,6,1,2,460,151000
6,1999,1999,1,3,841,892,1675,2,1,7,3,2,502,181000
5,1956,1956,1,2,1050,1050,1050,1,1,5,1,1,338,128900
4,1957,1989,1,2,1104,1104,1788,1,1,8,1,1,304,161500
6,1919,1950,1,2,764,1060,1824,1,1,8,1,2,520,180500
6,1998,1999,3,3,1405,1337,1337,2,2,5,3,2,511,181000
7,1999,1999,3,3,691,713,1452,2,2,6,1,2,506,183900
7,1910,1950,0,2,925,964,1889,1,1,9,1,1,308,122000
9,2008,2009,2,4,2002,2018,2018,2,3,10,3,3,746,378500
8,1935,1997,1,2,728,1968,3447,3,2,11,1,3,1014,381000
5,1958,1958,1,2,874,874,1524,1,1,7,1,1,315,144000
7,1979,1979,3,3,1332,1332,1524,0,2,4,3,2,586,260000
6,1968,1968,1,2,1489,1489,1489,2,2,7,2,2,462,185750
5,1965,1965,1,2,935,935,935,1,1,5,1,1,288,137000
6,1959,2006,1,2,1019,1357,1357,1,3,5,2,1,312,177000
5,1910,2003,1,2,661,661,1250,2,1,8,1,2,552,139000
5,1948,1950,1,2,928,928,1920,2,1,10,1,2,400,137000
6,1972,1972,1,2,723,735,1395,1,1,6,1,2,497,162000
6,1967,1976,1,3,1680,1724,1724,1,1,7,2,2,480,197900
8,2002,2002,3,3,1128,1128,2031,2,2,7,2,2,577,237000
4,1920,1950,1,2,698,698,1128,1,1,6,2,2,528,68400
7,2002,2002,3,3,1573,1573,1573,2,2,6,2,2,544,227000
7,1990,1990,1,3,1309,1339,1339,2,1,6,3,2,484,180000
5,1977,2008,1,3,1040,1040,1040,2,2,5,1,2,484,150500
6,1971,1971,1,2,912,912,1824,2,1,8,,0,0,139000
6,1919,1990,1,2,804,1699,2447,2,2,10,1,1,336,169000
6,1939,1950,1,2,780,825,1412,1,1,6,1,1,280,132500
6,1963,1963,1,2,1328,1328,1328,1,1,6,1,2,528,143000
5,1964,1964,1,2,1624,1582,1582,2,1,7,1,2,390,190000
8,2000,2000,3,3,1501,1659,1659,2,3,5,3,2,499,278000
8,2006,2006,3,3,1085,1120,1970,2,3,8,3,3,753,281000
5,1964,1964,1,2,1152,1152,1152,1,1,6,2,2,484,180500
5,1972,1972,1,2,630,630,1302,2,1,6,1,1,264,119500
5,1892,1965,1,2,994,1378,2372,2,1,11,2,1,432,107500
7,1976,1976,1,3,832,832,1664,2,1,8,2,2,528,162900
5,1955,1990,1,2,864,864,864,1,1,5,1,2,572,115000
5,1968,1968,1,2,1052,1052,1052,1,1,5,2,1,288,138500
5,1963,1963,1,2,1120,1128,1128,2,1,6,2,2,525,155000
6,2005,2006,1,3,547,1072,1072,2,1,5,3,2,525,140000
10,2008,2008,2,4,6110,4692,5642,2,3,12,3,2,1418,160000
5,1959,1994,1,2,1246,1246,1246,1,2,6,2,1,305,154000
7,1999,1999,3,3,978,1005,1983,2,2,9,3,2,490,225000
6,1942,1950,1,2,771,753,1494,1,2,7,1,1,213,177500
8,1994,1994,3,3,1165,1203,2526,2,2,8,2,3,844,290000
7,2005,2005,3,3,1616,1616,1616,2,2,7,2,3,834,232000
7,2004,2004,3,3,976,976,1708,2,2,7,1,2,380,130000
9,2006,2007,3,4,1652,1652,1652,2,3,6,3,2,840,325000
7,2005,2006,3,3,1368,1368,1368,2,2,6,2,2,474,202500
5,1994,1995,1,3,990,990,990,1,1,5,1,2,480,138000
5,1948,2005,1,2,924,1122,1122,1,2,6,1,2,528,147000
6,1991,1991,1,3,1278,1294,1294,2,2,6,2,2,496,179200
7,1959,2002,3,3,1902,1902,1902,2,3,7,3,2,567,335000
7,2005,2007,3,3,1274,1274,1274,2,2,6,2,2,508,203000
8,1990,1990,3,4,1453,1453,2810,2,2,9,2,2,750,302000
9,1999,1999,3,3,1393,1422,2599,2,2,10,3,3,779,333168
4,1954,1954,1,2,948,948,948,1,1,5,1,1,280,119000
6,1969,1969,1,1,952,1092,2112,2,1,9,1,2,576,206900
8,2008,2008,3,4,1622,1630,1630,2,3,8,2,3,860,295493
7,2006,2007,3,4,1352,1352,1352,2,2,5,2,2,466,208900
8,2001,2002,3,3,1753,1787,1787,2,2,7,2,3,748,275000
4,1954,1954,1,2,864,948,948,1,1,5,1,1,248,111000
6,1957,1957,1,2,1478,1478,1478,1,1,6,2,2,442,156500
3,1949,1950,1,,0,720,720,1,1,4,1,1,287,72500
7,1992,1992,3,3,750,1061,1923,2,2,8,2,2,564,190000
4,1940,1950,0,2,420,708,708,1,0,5,,0,0,82500
8,2006,2007,3,4,1795,1795,1795,2,2,7,2,3,895,147000
4,1922,1950,1,2,796,796,796,1,1,5,,0,0,55000
3,1931,2006,1,2,544,774,774,1,2,6,,0,0,79000
5,1982,2008,3,2,816,816,816,1,2,5,1,1,264,130500
6,1920,1950,3,3,1510,1584,2792,2,1,8,1,2,520,256000
7,1998,1998,1,3,935,955,1632,2,1,8,3,2,462,176500
8,2006,2006,3,3,1588,1588,1588,2,2,7,2,3,825,227000
5,1976,1976,1,2,911,954,954,1,1,6,1,2,576,132500
4,1938,1958,1,2,816,816,816,1,1,3,1,1,288,100000
5,1938,1995,1,2,803,803,1360,1,2,6,1,1,297,125500
5,1970,1970,1,2,765,765,1365,1,1,7,1,2,440,125000
6,1977,1977,1,3,1350,1334,1334,2,1,6,2,2,630,167900
5,1973,1973,1,2,1656,1656,1656,2,1,8,1,2,506,135000
4,1941,1950,1,2,693,693,693,1,0,4,,0,0,52500
7,2002,2002,3,3,916,920,1861,2,2,8,2,2,492,200000
5,1972,1972,1,2,864,864,864,1,1,5,2,1,288,128500
4,1971,1971,1,2,858,872,872,1,1,5,1,4,480,123000
6,2003,2004,1,3,1114,1114,1114,1,2,6,1,2,576,155000
8,2002,2002,3,3,1284,1284,2169,2,2,7,2,2,647,228500
6,1928,1950,1,2,896,1172,1913,1,1,9,1,2,342,177000
7,2006,2006,3,3,728,728,1456,2,2,8,3,2,440,155835
4,1920,1950,1,2,960,960,960,1,0,5,1,1,308,108500
7,1968,2003,1,2,1568,2156,2156,2,1,9,2,2,508,262500
8,2006,2007,3,4,1732,1776,1776,2,2,7,3,3,712,283463
7,1998,1998,3,3,1482,1494,1494,2,2,5,2,2,514,215000
8,1872,1987,1,2,684,938,2358,2,1,8,,0,0,122000
5,1969,1969,1,2,1248,1338,2634,2,1,12,1,4,968,200000
6,1962,1962,1,2,858,858,1716,1,1,8,3,2,490,171000
6,1937,2000,3,2,698,786,1176,1,1,4,1,2,624,134900
8,1995,1996,3,3,2033,2053,3238,2,2,9,3,3,666,410000
7,2000,2000,3,3,992,992,1865,2,2,7,2,3,839,235000
7,1968,1992,1,2,570,1222,1920,3,2,8,2,2,487,170000
5,1966,1966,1,2,864,892,892,1,1,5,2,1,264,110000
5,1971,2008,1,2,1078,1078,1078,1,1,6,3,2,500,149900
6,2000,2000,3,3,756,769,1573,2,2,5,1,2,440,177500
9,2004,2005,3,4,1980,1980,1980,2,3,8,3,3,770,315000
5,1921,1998,1,2,612,990,2601,3,1,8,2,2,621,189000
7,2005,2005,3,4,1530,1530,1530,2,2,7,3,2,430,260000
4,1920,2007,1,2,715,1281,1738,2,1,7,1,1,368,104900
6,2006,2007,1,3,616,616,1412,2,2,6,3,2,432,156932
7,2005,2005,3,3,600,520,1200,2,2,4,2,2,480,144152
7,2000,2000,3,3,814,814,1674,2,2,7,2,2,663,216000
7,1999,1999,3,3,873,882,1790,2,2,7,2,2,588,193000
5,1977,1977,1,2,757,925,1475,2,1,6,2,1,336,127000
6,2003,2004,3,3,848,848,848,1,2,4,3,2,420,144000
8,2003,2003,3,3,1657,1668,1668,2,2,8,3,2,502,232000
4,1920,1950,0,2,840,840,1374,1,1,6,3,1,338,105000
6,1955,1996,1,2,992,1661,1661,1,2,8,2,1,377,165500
7,1998,1998,1,3,1108,1108,2097,2,2,8,2,2,583,274300
10,2001,2002,2,4,2633,2633,2633,2,3,8,2,3,804,466500
7,2005,2005,3,3,1026,1026,1958,2,2,9,3,3,936,250000
8,2007,2007,3,3,1571,1571,1571,2,2,7,3,3,722,239000
6,1930,1950,1,3,768,790,790,1,1,4,1,1,160,91000
5,1941,1960,1,2,984,984,1604,2,1,6,1,2,660,117000
6,1973,1973,1,2,483,483,987,1,1,5,1,1,264,83000
5,2006,2007,1,3,384,754,1394,2,2,7,3,2,400,167500
3,1914,1950,1,2,864,864,864,1,1,5,1,1,200,58500
6,1970,1970,1,2,1205,2117,2117,2,1,7,3,2,550,237500
7,1920,1950,1,1,596,998,1762,1,2,8,1,2,576,157000
5,1918,2007,1,2,816,1416,1416,2,2,7,1,2,576,112000
6,1939,1950,1,2,560,698,1258,1,1,6,1,1,280,105000
4,1922,2007,1,2,796,796,1154,1,2,7,1,1,240,125500
7,1978,1978,1,3,1392,1392,2784,3,2,12,2,2,564,250000
6,1916,1950,1,2,714,1664,2526,2,2,10,1,1,216,136000
9,2006,2007,2,4,1746,1746,1746,2,3,7,3,3,758,377500
6,1941,1950,1,2,735,869,1218,1,1,6,1,2,440,131000
7,2000,2000,3,3,1525,1525,1525,2,2,6,2,2,541,235000
5,1967,1967,1,2,1584,1584,1584,2,1,8,1,3,792,124000
5,1967,1967,1,2,864,900,900,1,1,6,2,1,288,123000
6,1905,2000,1,1,482,1221,1912,2,1,7,1,2,672,163000
7,2006,2006,3,3,1356,1500,1500,2,2,6,3,3,648,246578
8,2005,2006,3,3,1094,1133,2482,2,2,9,3,3,642,281213
5,1948,1950,1,2,747,1687,1687,1,1,7,1,2,572,160000
5,1920,2004,1,2,939,939,1513,1,1,8,1,1,180,137500
5,1950,1982,1,2,1208,1136,1904,1,1,7,1,1,240,138000
6,1925,1990,1,2,976,1160,1608,2,2,7,1,1,216,137450
6,1929,1950,1,2,862,950,1158,1,1,5,2,1,208,120000
6,2004,2004,1,2,839,864,1593,2,1,8,3,2,398,193000
7,2006,2006,3,3,1286,1294,1294,2,2,6,2,2,662,193879
8,2007,2007,3,3,1485,1464,1464,2,2,6,1,3,754,282922
3,1915,1950,1,2,672,694,1214,1,1,6,1,3,936,105000
8,2004,2005,3,4,1594,1646,1646,2,2,5,3,2,482,275000
5,1972,2007,1,3,768,768,768,1,1,5,1,2,396,133000
5,1985,1985,1,2,833,833,833,1,1,5,,0,0,112000
4,1910,1950,1,1,622,741,1363,1,1,6,1,2,528,125500
7,1986,1991,1,3,791,1236,2093,2,1,7,3,2,542,215000
7,2001,2001,3,3,944,944,1840,2,2,6,2,2,622,230000
6,1950,2005,1,2,856,1112,1668,1,1,6,1,1,271,140000
4,1949,1950,1,,0,1040,1040,2,1,6,1,2,420,90000
8,2005,2006,3,3,1844,1844,1844,2,2,7,3,2,620,257000
6,1923,2000,1,2,833,1053,1848,1,2,8,1,2,370,207000
7,2007,2007,3,3,1386,1569,1569,2,2,7,2,3,660,175900
4,1885,1950,1,2,777,1246,2290,2,1,11,1,2,560,122500
8,1998,1998,3,3,1284,1310,2450,2,2,7,3,3,1069,340000
5,1963,1963,1,2,1144,1144,1144,1,1,6,1,1,336,124000
6,1969,1969,3,2,1844,1844,1844,2,2,7,2,2,540,223000
6,1968,1968,1,2,708,708,1416,2,1,7,2,2,776,179900
6,1977,1977,1,3,1069,1069,1069,2,1,4,2,2,440,127500
6,2003,2003,3,3,848,848,848,1,2,3,3,2,420,136500
6,1966,1966,3,3,697,1575,2201,2,2,8,1,2,432,274970
5,1958,1983,1,2,1024,1344,1344,1,1,6,1,1,484,144000
6,1959,1959,3,2,1252,1252,1252,1,2,7,1,2,528,142000
7,1994,1994,3,3,1223,1223,2127,2,2,5,2,2,525,271000
5,1945,1950,1,2,913,1048,1558,1,1,6,1,1,288,140000
5,1940,1992,1,2,788,804,804,1,2,4,1,1,240,119000
6,1981,1981,3,3,1440,1440,1440,2,2,7,3,2,467,182900
5,2005,2005,3,3,732,734,1838,2,1,7,3,2,372,192140
6,1976,1976,1,3,958,958,958,2,1,5,2,2,440,143750
4,1927,2007,1,2,656,968,968,2,1,5,1,1,216,64500
6,2000,2000,1,3,936,962,1792,2,1,8,3,2,451,186500
5,1977,1977,1,2,1126,1126,1126,2,1,5,2,2,484,160000
6,1962,2005,3,2,1319,1537,1537,1,2,7,2,2,462,174000
4,1971,1971,1,2,864,864,864,1,1,5,1,2,528,120500
8,2008,2008,2,4,1932,1932,1932,2,3,7,3,3,774,394617
6,1957,1996,1,2,912,1236,1236,1,1,6,1,2,923,149700
7,1979,1979,1,2,539,1040,1725,2,1,6,2,2,550,197000
6,1922,1994,1,4,588,1423,2555,2,1,11,3,2,672,191000
6,2004,2004,3,3,848,848,848,1,2,3,2,2,420,149300
10,2008,2008,2,4,1017,1026,2007,2,3,10,3,3,812,310000
6,1916,1950,1,2,952,952,952,1,0,4,1,1,192,121000
7,2004,2004,3,3,1422,1422,1422,2,2,7,2,2,626,179600
6,1966,1966,1,2,814,913,913,1,1,6,1,1,240,129000
5,1962,1962,1,2,1188,1188,1188,1,1,6,1,1,312,157900
8,1995,1996,3,3,1220,1220,2090,2,2,8,2,2,556,240000
4,1910,2000,1,1,560,796,1346,1,1,6,1,1,384,112000
5,1970,1970,1,3,630,630,630,1,3,3,,0,0,92000
5,1974,1974,1,3,896,896,1792,2,1,8,,0,0,136000
8,2008,2009,3,3,1573,1578,1578,2,3,7,3,3,840,287090
5,2005,2005,1,3,547,1072,1072,1,1,5,3,2,525,145000
5,2006,2006,1,3,1140,1140,1140,1,1,6,,0,0,84500
7,2004,2005,3,3,1221,1221,1221,2,2,6,2,2,400,185000
6,1999,2000,1,3,953,953,1647,2,1,7,2,2,460,175000
6,1978,1988,1,3,1542,2073,2073,2,1,7,1,2,500,210000
7,1941,2006,2,2,1152,1188,2340,2,2,9,2,1,252,266500
5,1950,1996,1,2,1078,1078,1078,1,2,5,1,1,240,142125
