GrLivArea,OverallQual,TotRmsAbvGrd,GarageCars,KitchenQual,GarageArea,1stFlrSF,TotalBsmtSF,BsmtQual,FullBath,SalePrice
1710,7,8,2,2,548,856,856,3.0,2,12.24769911637256
1262,6,6,2,1,460,1262,1262,3.0,2,12.109016442313738
1786,7,6,2,2,608,920,920,3.0,2,12.317171167298682
1717,7,7,3,2,642,961,756,2.0,1,11.849404844423074
2198,8,9,3,2,836,1145,1145,3.0,2,12.429220196836383
1362,5,5,2,1,480,796,796,3.0,1,11.870606902224587
1694,8,7,2,2,636,1694,1686,4.0,2,12.634606283893019
2090,7,7,2,1,484,1107,1107,3.0,2,12.206077645517674
1774,7,8,2,1,468,1022,952,2.0,2,11.774527900858468
1077,5,5,1,1,205,1077,991,2.0,1,11.678448377988165
1040,5,5,1,1,384,1040,1040,2.0,1,11.771443882099637
2324,9,11,3,3,736,1182,1175,4.0,3,12.75130259456002
912,5,4,1,1,352,912,912,2.0,1,11.87757552297847
1494,7,7,3,2,840,1494,1494,3.0,2,12.540761149388421
1253,6,5,1,1,352,1253,1253,2.0,1,11.964007453736912
854,7,5,2,1,576,854,832,2.0,1,11.790564777297387
1004,6,5,2,1,480,1004,1004,2.0,1,11.91170829631447
1296,4,6,2,1,516,1296,0,0,2,11.407576060361786
1114,5,6,2,2,576,1114,1114,2.0,1,11.976665770490767
1339,5,6,1,1,294,1339,1029,2.0,1,11.842236406331555
2376,8,9,3,2,853,1158,1158,4.0,3,12.692506186542177
1108,7,6,1,2,280,1108,637,2.0,1,11.845109950883979
1795,8,7,2,2,534,1795,1777,3.0,2,12.345838935721968
1060,5,6,2,1,572,1060,1040,3.0,1,11.774527900858468
1060,5,6,1,2,270,1060,1060,2.0,1,11.944714374881176
1600,8,7,3,2,890,1600,1566,3.0,2,12.454107814022272
900,5,5,2,2,576,900,900,2.0,1,11.811554895830454
1704,8,7,3,2,772,1704,1704,4.0,2,12.631343648903034
1600,5,6,1,1,319,1600,1484,2.0,1,12.242891437918386
520,4,4,1,0,240,520,520,2.0,1,11.134603622683905
1317,4,6,1,1,250,649,649,2.0,1,10.596659732783579
1228,5,6,1,2,271,1228,1228,2.0,1,11.914054519303125
1234,8,7,2,2,484,1234,1234,4.0,2,12.100161978566867
1700,5,6,2,2,447,1700,1398,2.0,1,12.016732516077072
1561,9,6,2,3,556,1561,1561,4.0,2,12.533579815765737
2452,8,9,3,2,691,1132,1117,4.0,3,12.6410997921206
1097,5,6,2,1,672,1097,1097,3.0,1,11.884495917930655
1297,5,5,2,1,498,1297,1297,2.0,1,11.938199736300925
1057,5,5,1,2,246,1057,1057,2.0,1,11.599112335481124
1152,4,6,0,0,0,1152,0,0,2,11.314486721293981
1324,6,6,2,1,440,1324,1088,2.0,2,11.982935344196433
1328,5,5,1,1,308,1328,1350,2.0,1,12.04355959836804
884,5,5,2,2,504,884,840,3.0,1,11.87757552297847
938,5,5,1,1,308,938,938,3.0,1,11.777218637129327
1150,5,6,1,1,300,1150,1150,2.0,1,11.856522261533737
1752,9,6,2,3,576,1752,1752,4.0,2,12.675766851909591
2149,7,6,2,2,670,1518,1434,4.0,1,12.387089184491993
1656,8,7,3,2,826,1656,1656,3.0,2,12.428019481065613
1452,4,8,0,1,0,736,736,2.0,2,11.635151947212842
955,5,6,1,1,386,955,955,2.0,1,11.751950239425476
1470,6,6,2,1,388,794,794,3.0,2,12.083910661257521
1176,6,6,2,1,528,816,816,2.0,1,11.648338835562747
816,5,5,2,1,516,816,816,3.0,1,11.608244735642321
1842,9,5,3,2,894,1842,1842,4.0,0,12.861001210669146
1360,5,6,2,1,572,1360,384,2.0,1,11.775297421715827
1425,6,7,2,1,576,1425,1425,2.0,2,12.103491596905931
1739,8,7,2,2,480,983,970,3.0,2,12.058158312538197
1720,7,7,2,2,565,860,860,3.0,2,12.188422799337028
2945,10,10,3,2,641,1426,1410,4.0,3,12.991755706536901
780,5,4,1,1,352,780,780,2.0,1,11.735276702486741
1158,6,5,2,2,576,1158,1158,3.0,1,11.970356641102999
1111,5,6,1,0,288,581,530,2.0,1,11.522885696764481
1370,8,6,2,2,484,1370,1370,3.0,2,12.218500103788143
1710,7,9,2,1,480,902,576,2.0,2,11.849404844423074
2034,7,8,2,2,645,1057,1057,3.0,2,12.299112067295642
2473,8,9,3,2,852,1143,1143,4.0,2,12.666660207428574
2207,7,7,2,1,576,2207,1947,3.0,2,12.100717685412471
1479,7,7,2,2,558,1479,1453,3.0,2,12.328294703023394
747,4,4,1,1,220,747,747,2.0,1,11.289794413577894
2287,7,7,2,1,667,1304,1304,2.0,2,12.323860125621126
2223,7,8,2,1,516,2223,2223,3.0,2,12.404927602627597
845,4,4,2,1,360,845,845,2.0,1,11.771443882099637
1718,7,7,2,1,427,885,832,3.0,2,12.128116509451258
1086,5,6,2,1,490,1086,1086,2.0,1,11.88380602959621
1605,3,8,1,1,379,840,840,1.0,2,11.58432477200052
988,4,5,1,1,297,526,462,3.0,1,11.418625774449598
952,4,4,1,1,283,952,952,2.0,1,11.818577604251555
1285,5,6,1,1,240,1072,672,2.0,1,11.751950239425476
1768,4,8,0,1,0,1768,1768,2.0,2,11.824087219587643
1230,5,5,2,1,440,682,440,2.0,1,11.608244735642321
2142,6,8,1,2,509,1182,896,3.0,2,12.173037959397275
1337,6,5,2,1,405,1337,1237,4.0,2,11.941462360646149
1563,8,6,3,2,758,1563,1563,3.0,2,12.409017571151187
1065,5,6,2,1,461,1065,1065,2.0,1,11.748005492256807
1474,7,7,2,1,400,804,384,3.0,2,12.034696963475044
2417,8,9,2,2,462,1301,1288,3.0,2,12.468440756144114
1560,6,6,2,2,400,684,684,3.0,2,12.066816325306588
1224,6,4,2,2,528,612,612,3.0,2,12.010671928196443
1526,3,6,0,0,0,1013,1013,2.0,1,11.350418300109132
990,4,5,0,1,0,990,990,3.0,1,11.724813914587886
1040,4,4,2,1,420,1040,0,0,1,11.60733523953139
1235,5,6,2,1,480,1235,1235,2.0,1,11.498836682527127
964,5,5,2,1,432,964,876,3.0,1,12.004574385508691
2291,6,9,2,1,506,1260,1214,2.0,2,11.804855999911272
1786,6,7,2,2,684,905,824,3.0,2,12.229549885708273
1470,6,6,2,1,420,680,680,3.0,2,12.128116509451258
1588,7,6,2,2,472,1588,1588,3.0,2,12.273735966890268
960,4,6,1,1,432,960,960,2.0,1,11.459007676978688
835,5,5,1,1,366,835,458,2.0,1,11.326607934898927
1225,4,6,0,1,0,1225,950,2.0,1,11.767187766223199
1610,6,6,2,2,480,1610,1610,2.0,2,12.230770136157428
1732,6,7,2,2,476,977,741,3.0,2,12.08954444723597
1535,5,8,2,1,410,1535,0,0,2,11.68658461118553
1226,7,6,3,2,740,1226,1226,3.0,2,12.200562492481511
1818,7,7,1,1,240,1226,1040,2.0,1,12.040614105490253
1992,8,9,2,2,648,1053,1053,4.0,2,12.429220196836383
1047,4,6,1,1,273,1047,641,1.0,1,11.51293546492023
789,5,5,1,1,250,789,789,2.0,1,11.652696102959753
1517,5,7,0,0,0,997,793,2.0,2,11.652696102959753
1844,6,7,2,1,546,1844,1844,3.0,2,12.154784614286667
1855,6,7,1,1,325,1216,994,2.0,2,11.827013315851762
1430,7,7,2,1,400,774,384,3.0,2,12.100717685412471
2696,7,10,3,3,792,1282,1264,4.0,2,12.85832230788469
2259,6,7,2,2,450,2259,1809,3.0,2,12.28765724080691
2320,6,9,1,2,180,1436,1028,2.0,2,12.466515835145202
1458,6,5,2,1,440,729,729,3.0,2,12.07824495582233
1092,5,6,1,1,288,1092,1092,2.0,1,11.842236406331555
1125,5,5,2,1,430,1125,1125,3.0,1,11.951186847493476
3222,7,11,3,2,594,1699,1673,3.0,3,12.676079399771027
1456,6,8,2,2,390,728,728,3.0,2,12.0075668272517
988,6,4,2,1,540,988,938,2.0,1,12.100717685412471
1123,4,4,1,1,264,772,732,2.0,1,11.51293546492023
1080,6,5,1,1,288,1080,1080,2.0,1,11.820417517632333
1199,6,5,2,2,530,1199,1199,3.0,2,11.944064817531656
1586,6,7,2,1,435,1586,1362,3.0,2,12.10625783509458
754,6,5,0,1,0,520,520,2.0,1,11.344518647594766
958,6,5,2,1,440,958,1078,3.0,2,11.759793355371237
840,5,5,0,1,0,840,672,2.0,1,11.373674891823535
1348,6,6,2,1,453,660,660,2.0,1,11.951186847493476
1053,5,6,2,3,750,1053,1008,2.0,1,11.918397239722838
2157,7,8,2,2,487,1216,924,2.0,2,12.328294703023394
2054,6,7,2,2,390,1022,992,3.0,2,12.404927602627597
1327,5,7,2,2,624,1327,1063,2.0,1,11.923384748066601
1296,8,6,2,2,471,1296,1267,4.0,2,12.301387370778713
1721,5,7,2,1,440,1721,1461,2.0,2,12.100717685412471
1682,7,7,2,1,530,1682,1304,2.0,2,12.066816325306588
1214,5,5,1,1,318,1214,1214,2.0,2,11.870606902224587
1959,7,9,3,1,766,1959,1907,2.0,3,12.049424683420915
1852,8,7,3,2,660,1004,1004,3.0,2,12.345838935721968
1764,6,7,2,2,470,928,928,3.0,2,12.352339472153524
864,4,5,0,1,0,864,864,2.0,1,11.652696102959753
1734,7,7,2,2,660,1734,1734,3.0,2,12.468440756144114
1385,5,6,2,1,720,910,910,2.0,2,12.019749091416921
1501,7,6,2,2,577,1501,1490,3.0,2,12.225880174775122
1728,5,10,2,1,504,1728,1728,2.0,2,11.736077016252437
1709,6,7,2,2,380,970,970,3.0,2,11.775297421715827
875,5,5,1,1,180,875,715,2.0,1,11.561725152903833
2035,7,8,2,2,434,884,884,3.0,2,12.312686874960354
1080,7,6,0,2,0,1080,1080,3.0,1,11.856522261533737
1344,5,7,1,1,240,896,896,3.0,1,11.652696102959753
969,5,5,2,1,440,969,969,2.0,1,11.711784520403112
1710,8,6,3,2,866,1710,1710,4.0,2,12.827731880206521
1993,6,8,2,1,495,1097,825,2.0,2,12.154784614286667
1252,6,4,2,1,564,1252,1602,3.0,1,12.367345048436391
1200,6,7,1,1,312,1200,1200,2.0,1,11.736077016252437
1096,6,5,0,1,0,572,572,2.0,1,11.277215789596893
1040,5,5,2,1,625,1040,0,0,1,11.603688960617083
1968,8,8,3,3,680,774,774,4.0,2,12.504327379899443
1947,7,8,2,2,678,991,991,3.0,2,12.448630513463613
2462,7,9,2,2,576,1392,1392,3.0,2,12.676079399771027
1232,6,6,2,1,516,1232,1232,3.0,2,11.998439434579149
2668,9,10,3,3,726,1572,1572,4.0,2,12.929993908996359
1541,7,7,2,2,532,1541,1541,3.0,2,12.301387370778713
882,4,4,0,1,0,882,882,2.0,1,11.544433821905134
1616,6,5,1,2,216,1149,1149,2.0,2,11.931642378754141
1355,5,6,0,1,0,808,644,2.0,2,11.755879486687116
1867,5,7,1,1,303,1867,1617,2.0,1,12.154784614286667
2161,8,8,3,3,789,1610,1582,4.0,1,12.693501691489768
1720,7,7,2,2,440,840,840,3.0,2,12.119975396053194
1707,8,6,2,1,511,1707,1686,3.0,2,12.337105293891872
1382,5,7,2,1,660,854,720,2.0,1,11.763691965388299
1656,6,7,2,1,528,1656,1080,2.0,1,12.278397958261774
1767,7,5,2,2,504,1064,1064,3.0,2,12.384223015005313
1362,6,6,2,1,504,1362,1362,2.0,1,12.001511614739405
1651,6,7,2,1,616,1651,1606,3.0,2,12.122696471358964
2158,6,7,2,2,576,2158,1202,2.0,2,12.400820837540556
2060,6,8,2,1,521,1164,1151,3.0,2,12.259618151783465
1920,5,8,2,2,451,1252,1052,2.0,2,12.058158312538197
2234,9,9,3,3,1166,2234,2216,4.0,2,13.126032637428713
968,5,5,2,1,480,968,968,2.0,1,11.51293546492023
1525,6,5,2,2,440,769,756,3.0,2,12.083910661257521
1802,7,9,1,1,216,901,793,1.0,1,12.206577518060588
1340,5,7,1,1,252,1340,0,0,1,11.695255355062795
2082,7,6,2,2,484,1362,1362,3.0,2,12.206077645517674
1252,5,5,2,1,576,936,504,1.0,1,11.751950239425476
3608,10,12,3,3,840,1518,1107,2.0,2,13.07107218827772
1217,7,6,2,2,497,1217,1188,3.0,2,12.06105265381003
1656,5,8,1,1,180,808,660,1.0,2,11.813037464800539
1224,5,6,2,1,528,1224,1086,3.0,0,11.940399914116648
1593,8,5,2,3,682,1593,1593,4.0,1,12.563750586299374
2727,8,10,2,2,440,1549,853,3.0,2,12.660331092405906
1479,7,7,2,2,484,725,725,2.0,1,12.122696471358964
1431,7,6,2,2,666,1431,1431,3.0,2,12.165255859329688
1709,7,7,2,2,380,970,970,3.0,2,11.775297421715827
864,5,5,1,1,352,864,864,2.0,1,11.751950239425476
1456,6,7,2,1,440,855,855,3.0,2,11.908346971208951
1726,7,8,3,3,786,1726,1726,4.0,2,12.650351332641707
3112,8,8,2,2,795,1360,1360,2.0,2,12.367345048436391
2229,6,8,0,1,0,929,755,2.0,1,11.552155793461898
1713,8,7,3,3,856,1713,1713,4.0,2,12.524166311833152
1121,4,5,2,1,440,1121,1121,3.0,2,11.849404844423074
1279,6,6,2,1,473,1279,1196,2.0,2,12.052344376474922
1310,6,6,1,1,398,865,617,1.0,2,11.626263078808801
848,6,3,2,2,420,848,848,3.0,1,11.91170829631447
1284,5,5,1,1,240,720,720,2.0,1,11.608244735642321
1442,7,5,2,1,500,1442,1424,3.0,2,12.103491596905931
1696,5,8,1,1,349,1696,1140,2.0,1,11.87688084212164
1100,4,6,1,1,312,1100,1100,2.0,1,11.856522261533737
2062,7,7,2,1,454,1180,1157,3.0,2,12.531776395271262
1092,6,6,2,1,504,1092,1092,3.0,1,11.884495917930655
864,5,5,0,1,0,864,864,2.0,1,11.49273296168228
1212,6,6,2,2,460,1212,1212,3.0,2,12.133507329024972
1852,7,7,2,2,644,932,900,3.0,2,12.439875187430008
990,5,5,2,1,576,990,990,3.0,1,11.957617696467539
1392,6,6,1,1,299,689,689,3.0,1,11.993813394724253
1236,5,6,1,2,447,1236,1070,2.0,1,11.808955099378537
1436,7,8,2,2,484,1436,1436,3.0,2,12.25486757159303
1328,4,8,1,1,210,810,686,2.0,1,11.580593459194764
1954,7,8,2,2,431,1137,798,2.0,1,12.649157827477366
1248,7,5,2,2,438,1248,1248,3.0,2,12.027191164883384
1498,7,5,2,2,675,1498,1498,3.0,2,12.230282214644559
2267,6,8,2,2,390,1010,1010,3.0,2,12.206077645517674
1552,6,6,2,1,434,811,713,3.0,2,12.100161978566867
864,4,4,2,1,576,864,864,2.0,1,11.48247656671073
2392,10,8,3,3,968,2392,2392,4.0,2,12.864242696187505
1302,5,6,1,1,280,630,630,2.0,2,11.626263078808801
2520,7,9,3,2,721,1214,1203,3.0,2,12.577639650232573
987,6,5,1,1,280,483,483,2.0,1,11.571203807011969
912,5,5,1,1,336,912,912,2.0,1,11.736077016252437
1555,7,7,2,2,430,1555,1373,3.0,2,12.167856627501678
1194,6,6,1,1,312,1194,1194,2.0,1,11.904974309480183
2794,8,9,3,3,810,1490,1462,3.0,2,12.90669432231532
987,6,5,1,1,288,483,483,2.0,1,11.456365695436427
894,5,5,1,1,308,894,894,2.0,1,11.761354623750297
1960,6,8,2,2,440,860,860,3.0,2,12.285350445351659
987,6,5,1,1,264,483,483,2.0,1,11.402005077384885
1414,7,6,2,2,494,1414,1414,3.0,2,12.130815551850676
1744,7,7,2,2,457,1014,996,3.0,2,12.178192583415596
1694,8,7,3,2,818,1694,1694,4.0,2,12.669809806411457
1487,6,7,1,1,220,798,735,2.0,1,11.635151947212842
1566,8,7,2,2,750,1566,1566,3.0,2,12.47801017053037
866,5,4,0,2,0,866,686,2.0,1,11.612779849672751
1440,5,6,1,1,352,889,540,2.0,1,11.277215789596893
1217,6,6,1,1,288,626,626,3.0,1,11.695255355062795
2110,7,8,2,2,463,1222,948,3.0,2,12.230770136157428
1872,7,6,2,1,604,1872,1845,3.0,2,12.394628892852941
1928,6,9,1,0,440,908,1020,1.0,2,11.827743504053695
1375,6,5,2,1,451,1375,1367,2.0,1,11.849404844423074
1668,7,8,2,2,500,840,840,3.0,2,12.100717685412471
2144,6,7,2,2,389,1444,1444,3.0,2,12.531776395271262
1306,3,6,0,0,0,1306,728,2.0,1,11.245059091624615
1625,8,5,2,2,538,1625,1573,3.0,2,12.367345048436391
1640,6,6,2,2,520,798,798,3.0,2,12.06105265381003
1302,6,7,1,2,309,1302,1302,3.0,2,11.970356641102999
1314,5,5,1,1,294,1314,1314,2.0,1,11.884495917930655
2291,7,8,2,2,429,1005,975,3.0,2,12.345838935721968
1728,6,7,2,2,673,864,864,3.0,2,12.242891437918386
1604,7,8,2,2,660,1604,1604,3.0,2,12.301387370778713
1792,7,7,2,2,564,963,963,3.0,2,12.352339472153524
882,5,4,1,1,308,882,0,0,1,11.48247656671073
1382,6,6,2,1,884,1382,1362,2.0,1,12.07824495582233
2574,8,10,3,3,868,1482,1482,4.0,2,12.52815976788113
1212,6,6,2,1,492,1212,506,3.0,1,11.92504173829169
1316,5,6,2,1,484,926,926,2.0,1,11.775297421715827
764,5,4,2,1,504,764,680,1.0,1,11.19822841866684
1422,6,7,2,2,576,1422,1422,3.0,2,12.075400019877522
1511,6,8,2,1,413,802,802,3.0,2,12.128116509451258
2192,5,8,1,2,240,1052,720,2.0,2,12.097936057925594
778,5,4,1,1,924,778,740,2.0,1,11.699413330633599
1113,6,6,1,1,504,1113,1143,2.0,1,11.904974309480183
1939,8,8,3,2,1053,1095,1095,3.0,2,12.491255347155265
1363,7,5,2,1,439,1363,1385,3.0,1,12.394628892852941
2270,8,9,3,2,671,1164,1152,3.0,2,12.577639650232573
1632,6,6,1,1,338,1632,1240,2.0,2,11.842236406331555
816,5,5,1,1,264,816,816,2.0,1,11.732069026983156
1548,7,5,2,3,672,952,952,2.0,2,12.230770136157428
1560,7,7,2,2,573,1560,1560,4.0,2,12.211065162153215
864,4,4,2,1,400,864,864,2.0,1,11.856522261533737
2121,9,8,3,3,732,2121,2121,4.0,2,12.936754021718041
2022,7,8,2,1,505,1156,1160,3.0,2,12.165255859329688
1982,7,7,2,2,575,1175,807,3.0,2,12.339295865674435
1262,6,5,2,2,572,1262,1262,3.0,2,12.128116509451258
1314,7,6,2,2,626,1314,1314,3.0,2,12.242891437918386
1468,8,6,3,2,898,1468,1468,3.0,2,12.407383590534293
1575,6,5,2,2,529,1575,1575,3.0,2,12.09626335986454
1250,7,5,2,2,528,625,625,3.0,2,12.011886987792716
1734,6,7,2,2,440,1085,912,2.0,1,11.976665770490767
858,4,5,0,1,0,858,858,2.0,1,11.385103457032141
900,5,5,1,1,280,900,882,2.0,1,11.711784520403112
1396,6,7,1,1,384,698,698,2.0,1,11.941950837487406
1919,8,8,2,2,685,1079,1079,3.0,2,12.359784657728284
1716,5,9,0,0,0,936,780,2.0,2,11.819681958463892
1716,5,8,1,1,281,1148,768,2.0,1,11.782960235741939
2263,7,9,2,2,539,1468,795,2.0,2,12.367345048436391
1644,6,7,2,1,418,1644,1416,2.0,1,12.025755079404917
1003,6,6,2,1,588,1003,1003,2.0,1,11.86710429621008
1558,5,6,1,1,282,910,910,2.0,1,11.931642378754141
1950,7,7,2,2,576,975,975,3.0,2,12.384223015005313
1743,6,7,2,1,539,1041,702,2.0,1,12.07254696717504
1152,6,6,1,2,300,1152,1092,2.0,1,11.973516181427835
1336,5,5,1,1,375,1336,1165,2.0,1,11.964007453736912
2452,8,9,2,2,683,1210,1028,3.0,2,12.495007682693725
1541,7,6,3,2,843,1541,1541,3.0,2,12.230770136157428
894,5,5,2,1,552,894,894,2.0,1,11.917730355182513
3493,7,10,3,2,870,1675,1470,2.0,3,12.59473402514672
2000,8,8,3,2,888,2000,2000,3.0,2,12.631016799175821
2243,7,8,3,2,746,1122,700,3.0,2,12.323860125621126
1406,6,6,0,0,0,1035,319,2.0,1,11.402005077384885
861,4,4,2,1,539,861,861,2.0,1,11.320565693461432
1944,9,8,3,3,708,1944,1896,4.0,2,12.793862088206213
1501,6,6,2,2,420,697,697,3.0,2,12.017336559562407
972,6,5,1,1,240,972,972,2.0,1,11.790564777297387
1118,5,5,2,1,410,793,793,3.0,1,11.694421681264394
2036,7,8,2,1,513,2036,2136,3.0,2,12.834683971615659
1641,7,6,2,3,546,832,728,2.0,1,12.08954444723597
1432,7,6,2,2,432,716,716,3.0,2,12.146858590895919
2353,7,10,2,3,484,1153,845,3.0,2,12.468440756144114
1959,8,8,3,2,1025,1088,1088,3.0,2,12.506180941677357
2646,7,9,3,2,656,1372,1347,3.0,2,12.468440756144114
1472,7,6,2,1,588,1472,1372,3.0,2,12.141539457711714
2596,9,9,3,2,840,1249,1249,4.0,3,12.74444728628135
2468,8,10,3,2,872,1136,1136,4.0,2,12.777055016970678
2730,7,8,2,2,576,1553,1502,2.0,2,12.614868865984631
1163,3,6,1,1,220,1163,1162,2.0,1,11.745433036677353
2978,7,11,2,2,564,1898,710,3.0,2,12.396697137361691
803,5,5,2,1,360,803,720,2.0,1,11.373674891823535
1719,8,6,2,2,473,1719,1719,3.0,1,12.688501881189456
1383,6,7,1,1,292,1383,1383,2.0,1,11.886218559372042
2134,6,10,2,2,441,1445,844,2.0,2,12.276069679344003
1192,5,6,1,1,189,596,596,2.0,1,11.264476926102367
1728,5,10,1,1,352,1728,1728,2.0,2,11.686887175419702
1056,5,6,1,1,308,1056,1056,2.0,1,11.842236406331555
1629,8,7,3,2,880,1629,3206,3.0,2,12.556733038263905
1358,7,6,2,2,484,1358,1358,3.0,2,12.240478903153711
1638,6,7,2,1,472,943,943,3.0,2,12.165255859329688
1786,5,7,2,1,529,1619,1499,2.0,2,12.34126328584159
1922,9,8,3,2,676,1922,1922,4.0,2,12.841132451487937
1536,7,7,2,2,532,1536,1536,3.0,2,12.273735966890268
1621,7,8,2,2,440,1621,1208,3.0,2,12.218500103788143
1215,6,6,1,1,297,1215,1215,2.0,1,11.951186847493476
1908,8,9,2,2,431,993,967,3.0,2,12.220473454337986
841,4,4,1,1,294,841,721,2.0,1,11.314486721293981
1040,3,6,2,1,400,1040,0,0,2,11.37940550085183
1684,9,6,2,3,564,1684,1684,4.0,2,12.491255347155265
1112,5,4,1,1,336,536,536,3.0,1,11.350418300109132
1577,6,6,1,0,312,972,972,2.0,1,11.850832386224807
958,6,5,1,1,301,958,958,2.0,1,11.928347504569842
1478,6,6,2,1,498,1478,1478,2.0,2,11.967187086434018
1626,7,6,2,2,474,764,764,3.0,2,11.944714374881176
2728,9,10,3,3,706,1848,1848,4.0,2,12.988043102265232
1869,9,6,2,3,617,1869,1869,4.0,2,12.670001611311875
1453,7,6,2,2,445,1453,1453,3.0,1,12.154784614286667
1111,5,5,1,1,200,616,616,2.0,1,11.461642696843066
720,6,5,2,1,484,720,624,2.0,1,11.570259974415547
1595,6,6,1,1,240,1192,940,2.0,1,11.849404844423074
1200,6,6,2,2,521,1200,1200,3.0,2,12.086731521684555
1167,6,6,2,2,400,1167,1158,3.0,2,12.06105265381003
1142,5,6,2,1,528,1142,1142,3.0,1,11.80560254159177
1352,5,6,1,2,288,1352,1062,2.0,1,11.775297421715827
1924,8,7,2,2,592,1086,1086,3.0,2,12.54254845357358
912,6,5,2,1,470,912,888,3.0,1,11.957617696467539
1505,5,8,1,1,240,988,883,2.0,1,11.884495917930655
1922,7,7,2,2,672,495,0,0,3,12.198549416880068
987,6,5,1,2,264,483,483,2.0,1,11.678448377988165
1574,6,6,2,1,566,790,796,3.0,2,12.154784614286667
1344,5,6,1,1,468,672,672,2.0,1,11.898194668458823
1394,6,6,2,1,514,1394,1394,3.0,1,11.976665770490767
1431,6,6,1,1,296,1431,1099,3.0,1,12.013706813470414
1268,5,7,1,1,244,1268,1268,2.0,1,11.790564777297387
1287,5,7,2,2,576,1287,1063,2.0,1,11.995357787034976
1664,6,7,2,1,460,953,953,3.0,2,12.057578437658945
1588,4,7,2,1,680,1120,0,0,2,11.808821212646512
752,6,4,1,1,264,752,744,3.0,1,11.736077016252437
1319,5,5,1,1,270,1319,608,2.0,1,11.719947764402807
1928,7,8,2,2,434,847,847,3.0,2,12.299112067295642
904,1,4,0,0,0,904,683,1.0,0,11.0186455364637
914,5,5,2,1,576,914,870,3.0,1,11.904974309480183
2466,8,8,2,2,610,1580,1580,3.0,3,12.73670383776449
1856,9,8,3,3,834,1856,1856,4.0,1,12.885204569609956
1800,6,7,2,1,463,1007,982,3.0,2,12.095146671399466
1691,5,6,1,2,308,1026,1026,2.0,2,11.751950239425476
1301,7,5,2,2,572,1301,1293,3.0,2,12.142871895843887
1797,7,8,2,2,639,939,939,3.0,2,12.271396795480596
784,6,5,2,1,360,784,784,1.0,1,11.23850177707664
1953,6,9,2,2,501,1079,1580,3.0,2,12.388398368982115
1269,8,6,2,2,430,1269,1256,3.0,2,12.165255859329688
1184,5,8,0,1,0,658,658,2.0,1,11.302216779257382
1125,6,6,1,1,352,1125,1041,2.0,1,11.736077016252437
1479,7,6,2,2,577,1479,1468,3.0,2,12.160033942617156
2332,10,9,3,3,846,1742,1682,4.0,2,12.962196972666593
1367,5,7,1,1,384,961,861,2.0,1,11.686887175419702
1961,6,7,2,2,560,804,804,4.0,2,12.278397958261774
882,5,5,1,1,294,882,0,0,1,11.575909653758895
788,4,4,0,1,0,788,788,2.0,1,11.51293546492023
1034,5,5,1,1,240,735,735,2.0,1,11.599112335481124
1144,5,6,1,1,596,1144,1144,2.0,1,11.767575435251748
894,5,6,2,1,600,894,894,2.0,1,11.719947764402807
1812,5,8,1,1,264,876,864,2.0,2,12.040614105490253
1077,5,6,1,1,338,1077,961,1.0,1,11.112462823634855
1550,7,7,2,2,438,1112,1092,3.0,2,12.392556361841777
1288,8,4,2,3,500,1288,1260,3.0,1,12.411056299528171
1310,7,6,2,2,400,1310,1310,3.0,2,12.013646205940514
672,5,4,1,1,240,672,672,2.0,1,11.58989576532275
2263,8,10,2,2,420,1165,1141,3.0,2,12.460718739865236
1572,6,7,2,1,373,806,806,3.0,2,12.031725210748633
1620,4,8,2,1,490,1620,1281,2.0,2,11.918397239722838
1639,6,6,1,1,240,1166,1064,2.0,1,11.652696102959753
1680,6,8,1,1,308,840,840,3.0,2,12.083910661257521
2172,7,9,3,2,947,1071,1063,4.0,2,12.54254845357358
2078,8,8,3,3,836,1050,1034,4.0,2,12.73596827534975
1276,5,5,1,1,350,1276,1276,2.0,1,11.002116507732017
1056,5,5,2,1,572,1056,1056,2.0,1,11.884495917930655
1478,7,7,2,2,484,1478,1470,4.0,2,12.310437165348775
1028,5,5,2,1,360,1028,1008,2.0,1,11.652696102959753
2097,7,9,3,2,678,1080,1080,3.0,2,12.337105293891872
1340,7,6,2,2,396,1340,1340,3.0,2,12.106997888588934
1400,6,6,2,1,440,672,672,2.0,1,11.915058360753719
2624,6,10,3,1,864,1370,1370,3.0,2,12.384223015005313
1134,5,7,1,1,240,756,756,2.0,1,11.744045122410057
1056,5,6,1,1,304,1056,1056,2.0,1,11.863589378812122
1344,7,8,4,1,784,1344,1344,3.0,2,12.237091546357338
1602,6,8,2,2,529,1602,1602,3.0,2,12.278397958261774
988,5,4,2,1,520,988,988,2.0,1,11.635151947212842
2630,8,8,3,2,696,1470,1470,3.0,2,12.660331092405906
1196,6,6,1,1,297,1196,1196,3.0,1,11.842236406331555
1389,7,6,1,1,240,707,651,2.0,1,11.813037464800539
1644,7,5,2,2,569,1644,1518,3.0,2,12.524530013005734
907,4,5,1,1,352,907,907,2.0,1,11.599185726610004
1208,7,6,2,2,628,1208,1208,3.0,2,12.182809136284991
1412,6,6,2,2,576,1412,1392,3.0,2,12.07254696717504
987,6,4,1,1,264,483,483,2.0,1,11.355113089309977
1198,6,7,0,1,0,1088,901,2.0,1,11.288543647320601
1365,5,6,2,1,440,765,765,2.0,1,11.715874472198905
1604,6,7,2,1,470,926,926,3.0,2,12.10625783509458
630,4,3,0,1,0,630,630,3.0,1,11.302216779257382
1661,7,6,2,2,550,827,799,3.0,2,12.264346270624157
1118,6,6,2,1,440,734,648,1.0,1,11.661354090741
904,6,4,1,1,180,904,884,2.0,1,11.686887175419702
694,5,4,1,2,352,694,440,2.0,1,11.411457364027745
1196,6,7,2,2,528,684,684,2.0,1,11.608244735642321
2402,10,10,3,3,672,2402,3094,4.0,2,13.22672519452875
1440,4,8,0,0,0,1440,1440,2.0,2,11.678448377988165
1573,5,8,2,1,360,1128,1078,2.0,2,12.000897933306716
1258,7,6,3,2,648,1258,1258,4.0,2,12.058158312538197
1908,7,8,2,2,493,933,915,3.0,2,12.25486757159303
1689,6,7,2,1,480,1689,1436,2.0,1,11.755879486687116
1888,6,6,2,2,578,1888,1517,2.0,2,12.154784614286667
1886,7,10,2,2,431,956,930,3.0,2,12.20557752297723
1376,6,7,1,1,198,780,780,2.0,2,11.691080018519527
1183,3,6,1,1,308,679,649,2.0,1,11.695255355062795
813,6,5,1,2,270,813,813,2.0,1,11.608244735642321
1533,7,5,2,2,576,1533,1533,3.0,2,12.54254845357358
1756,6,7,2,1,422,888,872,4.0,2,12.225880174775122
1590,8,6,2,2,676,786,768,3.0,2,12.25486757159303
1728,5,8,2,1,560,1728,1728,2.0,2,12.144202560946876
1242,7,6,2,1,528,1242,1242,2.0,1,12.075400019877522
1344,5,7,3,1,513,624,624,2.0,1,11.49273296168228
1663,4,6,2,2,529,1663,1364,3.0,1,12.45293662970407
1666,8,7,1,2,228,833,588,2.0,1,11.989165855127435
1203,5,5,1,2,352,979,709,2.0,1,11.608244735642321
1935,8,8,2,1,552,832,832,3.0,2,12.481565733211923
1135,7,6,2,2,576,575,560,3.0,1,11.951186847493476
864,5,5,1,1,360,864,864,2.0,1,11.04106411122238
1660,6,6,1,1,240,849,715,2.0,1,12.147919030759663
1040,5,5,0,1,0,1040,1040,3.0,2,11.728044909070785
1414,7,6,2,2,398,1414,1375,3.0,2,12.093693109638318
1277,7,5,2,1,526,1277,1277,2.0,1,12.025755079404917
1644,5,7,1,2,312,888,728,2.0,1,11.89478753335453
1634,8,7,3,2,866,1634,1626,3.0,2,12.429220196836383
1710,6,7,2,2,506,832,832,3.0,2,12.138869243416009
1502,8,4,2,2,528,1502,1488,3.0,1,12.264346270624157
1969,7,8,2,1,534,1161,808,3.0,2,12.154784614286667
1072,6,5,2,1,525,1072,547,3.0,1,11.904974309480183
1976,8,7,3,2,908,1976,1976,4.0,2,12.994532278619134
1652,8,6,2,3,499,1652,1494,3.0,2,12.433212202169729
970,5,5,2,1,624,970,970,2.0,1,11.794345471549745
1493,6,7,2,2,508,1493,1478,3.0,2,12.249615734512616
2643,9,9,3,3,694,2069,2153,3.0,2,12.847929163278053
1718,8,7,3,2,826,1718,1705,4.0,2,12.601490784782536
1131,4,7,2,1,672,1131,907,1.0,1,11.401681006153428
1850,9,8,3,2,772,1850,1833,4.0,2,12.694655727828803
1792,9,6,3,3,874,1792,1792,4.0,2,12.832013750189885
1826,7,7,1,3,164,916,910,2.0,1,11.951186847493476
1216,6,5,2,1,402,1216,1216,4.0,2,12.00762780434872
999,5,6,1,2,264,999,999,2.0,1,11.794345471549745
1113,5,5,1,2,264,1113,1113,2.0,1,11.898194668458823
1073,5,6,2,1,515,1073,1073,2.0,1,11.957617696467539
1484,5,7,2,1,487,1484,1484,3.0,2,12.07254696717504
2414,5,10,2,1,520,1766,954,2.0,2,11.982935344196433
630,4,3,1,2,286,630,630,3.0,1,11.362114203075018
1304,5,4,1,1,336,616,264,3.0,1,11.652696102959753
1578,6,5,1,0,240,958,806,2.0,1,11.798111925972618
1456,6,8,2,1,429,728,728,3.0,2,12.059809113551397
1269,5,6,1,1,308,1269,1269,2.0,1,11.951186847493476
886,5,4,1,1,273,886,190,1.0,1,11.421917019425596
720,4,4,0,1,0,720,720,2.0,1,10.460270761075149
3228,8,10,2,2,546,3228,3200,3.0,3,12.971542813248437
1820,7,8,1,1,240,1133,1026,2.0,2,12.122696471358964
899,5,5,1,2,288,899,864,2.0,1,11.775297421715827
912,5,5,1,1,297,912,912,2.0,1,11.695255355062795
1218,6,7,1,1,264,672,672,2.0,1,11.635151947212842
1768,7,7,2,2,603,866,866,3.0,2,12.331387247601905
1214,5,6,2,1,461,1214,1214,2.0,1,11.849404844423074
1801,7,6,2,1,484,1801,1501,2.0,2,12.574185427296195
1322,6,6,2,1,440,855,855,2.0,2,11.898194668458823
1960,5,10,2,1,400,960,960,2.0,2,11.732069026983156
1911,8,8,2,2,471,1065,777,3.0,2,12.278397958261774
1218,6,4,2,2,676,1218,1218,3.0,2,12.246739428005663
1378,7,7,2,2,360,689,689,2.0,2,11.989165855127435
1041,5,6,1,1,270,1041,1041,2.0,1,11.732069026983156
1363,5,6,1,1,288,1363,1008,2.0,1,12.013100572810686
1368,7,6,2,2,474,1368,1368,3.0,2,12.2193145828011
864,5,5,2,1,624,864,864,2.0,1,11.774527900858468
1080,6,5,2,1,484,1080,1084,2.0,1,11.80560254159177
789,5,5,1,1,200,789,768,2.0,1,11.477308649967686
2020,10,9,3,3,900,2020,2006,4.0,2,12.90634935052389
2119,6,7,2,1,583,1378,689,2.0,2,11.970356641102999
2344,7,7,3,2,889,1277,1264,3.0,2,12.487488878546145
1796,6,7,2,1,546,882,794,3.0,2,12.259618151783465
2080,7,9,1,2,282,1276,1276,3.0,1,12.36308066783498
1294,4,7,0,1,0,694,0,0,2,11.573559498507079
1244,6,6,1,1,336,1244,1244,2.0,1,11.918397239722838
1664,6,7,2,1,420,1004,1004,2.0,2,11.976665770490767
4676,10,11,3,3,884,3138,3138,4.0,3,12.126764251515691
2398,7,8,3,2,834,1383,1379,3.0,2,12.662709207270272
1266,7,6,2,2,453,1266,1257,3.0,2,12.07824495582233
928,5,4,1,1,252,928,928,3.0,1,11.790564777297387
2713,9,11,3,3,858,1476,1452,4.0,2,13.008661502470739
605,4,5,0,1,0,605,528,2.0,1,11.362114203075018
2515,6,9,2,1,484,2515,2035,2.0,3,12.209192772866418
1509,6,5,2,2,600,1509,1461,3.0,2,12.07254696717504
1362,6,6,2,1,502,751,611,1.0,2,11.759793355371237
827,5,5,1,1,392,827,0,0,1,11.58525542883217
334,1,2,0,0,0,334,0,0,1,10.579005242826247
1414,8,6,2,2,403,707,707,4.0,2,12.08954444723597
1347,5,5,0,1,0,820,1117,3.0,1,11.58525542883217
1724,7,8,2,2,527,880,880,3.0,2,12.144202560946876
864,4,5,2,1,576,864,864,2.0,1,11.619544188752133
1159,5,7,1,1,336,1159,1051,2.0,1,11.970356641102999
1601,8,6,2,2,670,1601,1581,3.0,2,12.513561021741964
1838,9,8,3,3,765,1838,1838,4.0,2,12.660331092405906
2285,8,8,3,2,648,997,969,3.0,2,12.421188057397055
1680,7,7,2,2,583,1680,1650,4.0,2,12.270225154674701
767,7,4,1,1,367,767,723,3.0,1,11.798111925972618
1496,7,7,2,2,426,664,654,3.0,2,12.098854850641
2183,7,9,3,2,786,1377,1204,3.0,2,12.34148164933907
1635,6,6,2,1,440,915,1065,3.0,1,12.25486757159303
768,5,5,2,1,624,768,768,3.0,1,11.771443882099637
825,5,4,2,1,720,825,825,2.0,1,11.736077016252437
2094,7,8,2,2,615,912,912,3.0,2,12.479913113434042
1069,6,4,2,1,440,1069,1069,3.0,2,11.849404844423074
928,5,5,1,1,288,928,928,2.0,1,11.630717389475995
1717,8,7,3,2,908,1717,1709,4.0,2,12.450981602512561
1126,4,5,2,2,520,1126,0,0,2,11.58989576532275
2046,7,8,3,2,871,1006,998,3.0,2,12.556733038263905
1048,5,5,1,1,280,1048,993,2.0,1,11.635151947212842
1092,5,6,1,1,299,1092,1092,2.0,1,11.856522261533737
1336,4,7,1,1,570,897,637,2.0,1,11.58989576532275
1446,7,6,2,1,406,729,729,3.0,2,12.07254696717504
1557,7,7,2,2,420,1557,1374,3.0,2,12.36308066783498
1392,5,5,2,1,528,1392,1392,3.0,1,11.707677772181546
1389,5,6,2,1,418,1389,1389,3.0,1,12.04355959836804
996,5,6,0,1,0,996,996,2.0,1,11.58989576532275
1674,6,8,2,1,396,1163,1163,3.0,2,12.128116509451258
2295,7,9,2,2,590,1166,1095,3.0,2,12.498745990829315
1647,6,6,1,0,216,841,806,3.0,1,11.759793355371237
2504,9,11,3,3,656,1134,1122,3.0,2,12.691583538230217
1535,7,7,2,2,532,1535,1517,3.0,2,12.273735966890268
2132,8,5,2,2,612,1496,1496,3.0,1,12.665397584983758
943,5,4,2,1,600,943,943,3.0,1,11.820123358887447
1728,5,10,2,1,576,1728,1728,2.0,2,11.867805799560465
864,6,4,1,2,288,864,864,2.0,1,11.695255355062795
1692,7,6,2,2,650,846,846,4.0,2,12.32163544049751
1430,7,8,2,1,400,774,384,3.0,2,12.04355959836804
1109,5,5,1,1,288,576,372,2.0,1,11.842236406331555
1216,5,6,1,1,336,832,832,2.0,1,11.682676678340282
1477,7,6,1,1,216,877,861,2.0,2,11.884495917930655
1320,5,6,2,1,564,1320,1164,2.0,1,12.010671928196443
1392,7,5,2,2,540,703,689,3.0,2,11.891368749982085
1795,5,7,1,1,352,1050,1050,2.0,2,11.78676973513378
1429,6,7,2,2,572,1429,1144,2.0,1,12.111217862017215
2042,8,8,3,3,1390,2042,2042,4.0,2,12.442306148381938
816,6,5,0,1,0,816,816,3.0,1,11.682676678340282
2775,10,9,2,2,880,1521,1237,2.0,3,12.691583538230217
1573,4,6,1,2,240,989,884,2.0,1,11.798111925972618
2028,8,7,3,2,880,2028,1868,4.0,2,12.820990681250251
838,6,5,1,0,275,838,816,2.0,1,11.775297421715827
860,5,4,2,1,528,860,840,2.0,1,11.827743504053695
1473,5,5,1,3,452,1473,1437,2.0,1,11.870606902224587
935,5,4,1,1,308,779,742,2.0,1,11.283524879179666
1582,7,6,2,2,520,770,770,3.0,2,12.132969552931216
2296,10,10,3,3,842,1728,1722,4.0,2,13.02132904585825
816,5,4,2,1,816,816,816,2.0,1,11.835016210489899
848,6,4,2,2,420,848,848,3.0,1,11.849404844423074
924,5,5,1,1,280,924,924,3.0,1,11.608244735642321
1826,8,7,3,2,758,1826,1814,3.0,2,12.672949516558306
1368,6,7,1,1,216,684,684,2.0,1,11.648373769145277
1402,7,7,3,2,648,1402,1258,4.0,0,12.176654133447505
1647,5,7,2,2,621,1647,1430,3.0,2,12.289958727201455
1556,6,6,2,1,452,716,716,3.0,2,11.92504173829169
1904,8,8,2,3,736,1058,1058,3.0,2,12.524530013005734
1375,6,6,1,2,544,780,780,2.0,1,11.856522261533737
1915,8,8,2,2,506,927,908,3.0,2,12.301387370778713
1200,7,4,2,2,480,600,600,3.0,2,11.92504173829169
1494,7,6,2,2,530,1494,1494,3.0,2,12.30592250537653
1986,7,7,2,1,486,1186,768,2.0,2,12.230770136157428
1040,5,6,2,2,576,1040,1040,3.0,1,11.931642378754141
2008,5,8,1,3,230,1112,896,2.0,3,12.323860125621126
3194,8,10,2,1,380,1940,965,3.0,2,12.791358964949923
1029,4,5,1,1,261,1029,1029,2.0,1,11.682676678340282
2153,9,8,3,3,736,1476,1440,4.0,2,12.653961664405365
1032,6,6,2,1,564,1032,1032,3.0,2,11.904974309480183
1872,8,7,2,3,531,1299,1299,3.0,2,12.474193386571581
1120,5,6,0,1,0,1120,1120,3.0,1,11.898194668458823
630,4,3,0,1,0,630,630,3.0,1,11.231901180182515
1054,6,6,2,2,480,1054,936,2.0,1,11.83138646878959
1509,6,7,2,2,393,807,783,3.0,2,12.118339189722553
832,6,4,2,2,528,832,832,2.0,1,11.566475710526321
1828,9,9,3,2,774,1828,1822,4.0,2,12.659737267217572
2262,8,10,3,2,749,1482,1482,3.0,2,12.628070334272698
864,3,5,0,1,0,864,864,2.0,1,11.112462823634855
2614,6,9,2,1,624,1548,1522,2.0,2,12.388398368982115
980,5,6,2,1,484,980,980,2.0,1,11.813037464800539
1512,6,4,2,2,440,756,756,3.0,2,12.034696963475044
1790,6,8,2,1,484,1012,732,2.0,1,12.014615485902027
1116,6,5,2,1,440,1116,1116,2.0,1,11.982935344196433
1422,5,6,1,1,286,1422,978,2.0,1,11.848690308590857
1520,6,7,1,1,364,1520,1156,2.0,1,11.938199736300925
2080,5,9,2,0,504,1040,1040,3.0,1,11.813037464800539
1350,6,6,2,1,520,1350,1248,2.0,1,12.034696963475044
1750,5,8,1,3,240,1089,636,1.0,1,11.728044909070785
1554,8,6,2,2,627,1554,1554,3.0,2,12.252483791602627
1411,7,6,2,1,544,1411,1386,2.0,2,11.320565693461432
1056,5,6,1,1,260,1056,1056,2.0,1,11.845109950883979
1056,6,4,2,1,576,1056,1056,2.0,0,11.87757552297847
3395,6,14,0,0,0,1440,1440,2.0,2,12.206077645517674
800,2,4,0,0,0,800,264,2.0,1,11.002116507732017
1387,5,7,1,2,256,811,811,2.0,2,11.440365524765756
796,5,4,0,1,0,796,796,1.0,1,11.350418300109132
1567,8,7,3,3,648,1567,1520,3.0,2,12.485830907348902
1518,8,6,2,3,588,1518,1518,4.0,1,12.520887034998584
1929,7,7,2,2,650,1057,1057,3.0,2,12.328294703023394
2704,8,9,2,3,538,2000,1952,3.0,2,12.75130259456002
1620,5,7,2,1,462,780,780,2.0,2,11.931642378754141
1766,9,7,3,3,478,1766,1766,4.0,2,12.823631142839984
981,6,5,2,1,576,981,981,2.0,1,11.872353615355413
1048,5,7,2,1,420,1048,0,0,1,11.495789479023493
1094,6,5,2,1,495,1094,1094,2.0,1,11.951186847493476
1839,6,7,2,1,442,1051,756,2.0,1,11.951186847493476
630,4,3,0,1,0,630,630,3.0,1,11.344518647594766
1665,7,7,2,2,562,822,813,3.0,2,12.235393555399902
1510,4,7,1,1,296,755,755,2.0,1,11.58989576532275
1716,7,7,2,2,512,909,880,3.0,2,12.160033942617156
1469,6,7,1,1,216,756,756,2.0,1,11.813037464800539
2113,8,7,3,2,839,2113,2109,3.0,2,12.765691290604371
1092,6,6,1,1,264,525,525,2.0,1,11.385103457032141
1053,5,5,1,2,312,1053,1053,2.0,1,11.8879382384223
1502,7,6,1,1,270,851,776,3.0,1,11.91170829631447
1458,6,6,1,1,330,912,912,2.0,1,11.487617913343598
1486,5,7,2,1,480,1486,1486,2.0,1,12.025755079404917
1935,7,7,2,1,550,1142,793,3.0,2,12.19552218463499
2448,8,8,3,2,711,1686,1629,3.0,2,12.904209855160254
1392,6,5,2,1,576,1392,1392,1.0,1,11.608244735642321
1181,4,6,2,1,588,1181,1138,3.0,2,11.83138646878959
2097,8,8,3,3,1134,2097,2077,4.0,1,12.955129822091815
1936,8,7,2,2,504,1454,1406,3.0,2,12.348010479804223
2380,6,7,2,1,596,1465,1021,3.0,2,11.767575435251748
1679,6,7,2,2,575,1679,1408,3.0,2,12.173037959397275
1437,5,6,2,1,576,1437,1188,2.0,1,12.031725210748633
1180,4,5,1,0,252,1180,700,1.0,1,11.83138646878959
1476,6,7,2,2,540,738,738,3.0,2,12.063938642041201
1369,6,6,1,1,300,697,672,2.0,2,11.548302261270587
1208,6,6,2,1,546,1208,1208,3.0,1,12.013706813470414
1839,6,7,2,2,416,1839,1477,2.0,2,12.458778882573533
1136,6,5,1,1,384,1136,1136,2.0,1,11.849404844423074
1441,6,7,2,1,440,855,855,2.0,2,11.908346971208951
1774,4,8,3,1,779,1095,1095,2.0,2,11.373674891823535
792,5,5,1,2,240,792,768,2.0,1,11.603688960617083
2046,8,7,3,2,834,2046,2046,4.0,2,12.827995001361906
988,5,5,2,1,572,988,988,2.0,1,11.763691965388299
923,6,5,1,1,264,923,923,3.0,2,11.870606902224587
1520,5,6,1,1,281,848,793,2.0,1,11.979391594635791
1291,6,6,2,2,431,1291,1291,3.0,1,12.06105265381003
1668,9,7,3,2,702,1668,1626,3.0,2,12.560247968016562
1839,7,7,2,1,486,1195,1195,3.0,2,12.30592250537653
2090,7,6,2,2,577,1190,1190,3.0,2,12.242891437918386
1761,7,7,2,2,578,874,874,3.0,3,12.336556900342153
1102,7,4,2,2,480,551,551,3.0,2,11.910365121788654
1419,8,7,2,2,567,1419,1419,3.0,2,12.879019669789754
1362,6,6,2,2,460,1362,1362,3.0,2,12.179220327453931
848,6,3,2,2,420,848,848,3.0,1,11.856522261533737
4316,10,10,3,3,832,2444,2444,4.0,3,13.534474352733596
2519,7,9,2,2,628,1238,1210,3.0,2,12.721888795877375
1073,5,4,1,1,326,1073,1073,2.0,1,11.59433032142082
1539,5,5,2,1,576,1067,927,2.0,1,11.860062063178267
1137,6,5,2,2,551,1137,1112,3.0,2,12.07824495582233
616,5,4,1,1,205,616,616,2.0,1,11.39640288460621
1148,5,6,1,1,308,1148,980,4.0,1,11.724004532183379
894,5,5,1,1,336,894,894,2.0,1,11.83863282480007
1391,7,5,2,2,530,1391,1391,3.0,2,12.185875040240456
1800,8,7,3,2,765,1800,1800,4.0,2,12.652362948153474
1164,7,6,2,1,528,1164,1164,2.0,1,11.849404844423074
2576,8,10,3,3,666,1264,1234,4.0,2,12.799178471909892
1812,5,8,2,2,672,1032,360,3.0,2,11.849404844423074
1484,7,7,2,2,606,1484,1473,3.0,2,12.269052139516223
1092,4,7,0,0,0,372,0,0,2,10.915106645867503
1824,7,5,2,2,739,1824,1643,3.0,2,12.618185607609803
1324,8,6,2,2,550,1324,1324,3.0,2,12.445093483000798
1456,7,8,2,2,400,728,728,3.0,2,12.09815887308463
904,5,6,1,1,408,904,876,2.0,1,11.60733523953139
729,3,5,0,1,0,729,270,2.0,1,10.859018228147887
1178,4,7,1,1,384,859,859,2.0,1,11.54031687156214
1228,8,5,2,2,472,1228,1228,3.0,2,12.149507585033072
960,4,6,2,1,576,960,960,2.0,1,11.767575435251748
1479,6,6,2,2,475,725,725,2.0,2,11.779136168550774
1350,6,7,2,1,478,1350,1064,3.0,2,12.013706813470414
2554,7,8,2,1,704,1576,718,2.0,1,11.979805470779858
1178,5,5,2,2,439,1178,1176,3.0,1,11.964007453736912
2418,7,9,3,2,983,1325,1311,3.0,2,12.739640688812674
971,5,5,1,1,300,971,971,3.0,1,11.763691965388299
1742,8,5,2,2,564,1742,1742,3.0,2,12.524530013005734
848,6,3,2,2,420,848,848,3.0,1,11.870606902224587
864,4,5,2,1,463,864,864,2.0,1,11.732069026983156
1470,4,7,1,1,548,997,941,2.0,2,11.813037464800539
1698,9,8,3,3,768,1698,1698,4.0,2,12.676079399771027
864,4,5,2,2,660,864,864,2.0,1,11.699413330633599
1680,6,5,2,2,540,1680,880,3.0,2,12.310437165348775
1232,7,6,2,2,632,1232,1232,3.0,2,12.178192583415596
1776,5,9,3,1,888,1776,1584,2.0,2,11.608244735642321
1208,4,5,2,1,539,848,780,2.0,1,11.542493975902508
1616,8,5,2,2,608,1616,1595,3.0,2,12.373707715234994
1146,7,6,2,2,438,1146,868,4.0,2,12.141539457711714
2031,7,8,2,2,541,1153,1153,3.0,2,12.312686874960354
1144,5,6,1,1,264,1144,864,2.0,1,11.786008995353765
948,5,6,1,1,300,948,948,2.0,1,11.58989576532275
1768,7,6,2,1,320,880,880,3.0,1,12.001511614739405
1040,3,6,2,1,400,1040,0,0,2,11.445727410406752
1801,8,8,3,2,800,901,893,3.0,2,12.3879816172226
1200,5,5,0,1,0,1200,1200,3.0,3,12.095146671399466
1728,7,7,2,2,572,864,864,3.0,2,12.154784614286667
1432,5,7,2,1,360,768,264,1.0,2,11.790564777297387
912,6,5,1,2,288,912,912,2.0,1,11.863589378812122
1349,7,6,2,1,539,1349,1349,3.0,2,12.095146671399466
1464,5,6,2,1,480,1464,520,3.0,2,12.07254696717504
1337,8,5,2,2,462,1337,1337,3.0,2,12.100717685412471
2715,8,11,2,2,831,1175,1142,2.0,3,12.61087420020211
2256,7,8,2,2,554,980,952,3.0,2,12.371591321286905
2640,7,8,4,2,864,1320,1240,2.0,1,12.491176396967154
1720,7,7,2,2,527,1720,1720,3.0,2,12.469978029554953
1529,4,9,1,1,240,1088,0,0,2,11.49273296168228
1140,4,7,0,1,0,792,576,2.0,1,11.477308649967686
1320,7,6,2,2,400,660,660,3.0,2,11.995357787034976
1494,6,6,2,2,576,1494,1479,3.0,2,12.28765724080691
2098,8,8,3,3,878,1038,1030,3.0,2,12.526346537332584
1026,6,5,2,2,440,1026,1026,2.0,1,11.957617696467539
1471,6,6,2,1,440,742,729,3.0,2,12.058158312538197
1768,8,7,2,2,578,866,866,3.0,2,12.264346270624157
1386,6,6,2,1,440,672,672,2.0,2,11.97603664577121
1501,7,6,2,1,440,757,744,3.0,2,12.097378802727306
2531,8,9,3,2,752,1328,1318,3.0,2,12.577639650232573
864,6,5,1,1,300,864,864,2.0,1,11.755879486687116
1301,5,5,2,0,440,1301,1145,2.0,1,11.51293546492023
1547,7,7,2,2,614,764,756,3.0,2,12.279327754099118
2365,8,8,3,2,856,1268,1252,3.0,2,12.727841176689147
1494,8,6,2,3,481,1494,1494,3.0,1,12.506180941677357
1506,9,6,2,3,592,1506,1498,3.0,2,12.484208043148733
1714,7,7,2,1,496,980,980,3.0,2,12.188422799337028
1750,6,7,1,1,423,983,983,3.0,2,11.982935344196433
1836,7,8,2,2,484,1836,1860,3.0,2,12.28690580994122
3279,8,12,3,3,841,1690,1650,3.0,3,13.195615697878253
858,5,5,2,1,576,858,858,3.0,1,11.812296455066814
1220,4,6,2,1,396,1220,836,1.0,1,11.532737896139919
1117,6,6,2,1,672,1117,1029,2.0,1,11.580593459194764
912,5,5,1,1,275,912,912,2.0,1,11.648338835562747
1973,8,9,3,2,895,1973,1935,3.0,2,12.886643575525625
1204,6,5,2,1,412,1204,1204,4.0,2,11.995357787034976
1614,7,7,3,2,865,1614,1614,3.0,2,12.308182383129823
894,5,5,2,1,440,894,864,2.0,1,11.86710429621008
2020,5,10,2,1,630,2020,0,0,2,11.87757552297847
1004,6,4,2,1,504,1004,975,3.0,1,11.813037464800539
1253,7,6,2,1,402,1253,1237,3.0,2,12.07824495582233
1603,6,7,2,2,484,810,761,3.0,2,12.077676615757813
1430,7,6,2,2,605,1430,1413,3.0,2,12.139403856983334
1110,5,4,2,2,602,1110,1097,3.0,1,12.016732516077072
1484,6,9,0,1,0,742,742,2.0,2,11.759793355371237
1342,6,7,2,1,457,1342,1372,2.0,2,11.992266613576142
1652,5,7,1,1,416,966,686,1.0,2,11.842236406331555
2084,7,8,2,2,618,956,956,3.0,2,12.358798024384122
901,4,4,1,1,281,901,901,2.0,1,11.588969419043872
2087,6,9,2,2,444,976,832,2.0,2,12.141539457711714
1145,7,5,2,2,397,1145,1145,3.0,2,11.984184555794167
1062,6,5,2,1,539,1062,1029,3.0,1,11.896833207128452
2013,7,8,2,1,455,1127,1117,3.0,2,12.505402864156405
1496,8,7,2,2,474,1496,1496,3.0,2,12.323860125621126
1895,7,7,2,2,409,1086,712,3.0,2,12.178192583415596
1564,6,7,2,1,476,888,650,3.0,2,12.049424683420915
1285,6,7,2,1,528,1285,660,2.0,1,11.874097282798648
773,5,4,1,1,240,773,773,2.0,1,11.608244735642321
3140,9,11,3,3,820,1966,1926,4.0,3,13.091906231773164
1768,5,7,1,2,240,981,731,3.0,1,12.07254696717504
1688,6,8,2,2,603,616,616,3.0,2,12.206077645517674
1196,4,5,2,1,440,1196,1196,2.0,1,11.60733523953139
1456,7,7,2,2,410,728,728,3.0,2,12.149507585033072
2822,9,12,3,3,1020,1734,1734,4.0,3,13.275829251377
1128,5,5,1,1,286,1128,936,2.0,1,11.678448377988165
1428,7,6,2,3,554,1428,1417,3.0,2,12.335700805443338
980,5,6,1,1,384,980,980,2.0,2,11.816734299348461
1576,5,6,2,2,528,1072,1324,2.0,1,12.317171167298682
1086,5,6,2,1,484,1086,1024,2.0,1,11.982622797311857
2138,5,11,2,1,360,1075,849,2.0,2,11.571203807011969
1309,6,5,2,2,484,1309,1040,2.0,1,12.10625783509458
848,6,4,2,2,420,848,848,3.0,1,11.881041706925902
1044,5,4,2,0,504,1044,540,2.0,1,10.932999821119937
1442,6,7,1,1,301,1442,1442,2.0,1,11.969723533345908
1250,5,7,1,0,280,686,686,2.0,1,11.661354090741
1661,7,6,2,2,598,1661,1649,3.0,2,12.323415584358154
1008,5,4,1,1,275,1008,1008,2.0,1,11.827743504053695
1689,8,7,3,2,857,1689,1568,3.0,2,12.509877789891931
1052,6,6,2,1,440,1052,1010,2.0,1,11.951186847493476
1358,7,6,2,2,484,1358,1358,3.0,2,12.319405795112926
1640,7,6,2,2,595,798,798,3.0,2,12.117246896289503
936,4,4,2,1,576,936,936,1.0,1,11.440365524765756
1733,7,7,2,2,433,847,847,3.0,2,12.323860125621126
1489,6,7,1,1,240,944,778,2.0,2,11.845827048676645
1489,8,7,2,2,776,1489,1489,3.0,2,12.357079818283598
2084,10,7,3,3,1220,2084,2078,4.0,2,12.861001210669146
784,5,5,0,2,0,784,784,2.0,1,11.603688960617083
1434,7,6,2,2,527,1434,1454,3.0,2,12.149507585033072
2126,5,7,2,1,538,1160,1013,2.0,2,12.128116509451258
1223,7,4,2,2,480,520,600,3.0,2,11.900912042974875
1392,6,6,2,1,458,1392,1392,2.0,1,12.019749091416921
1200,7,4,2,2,480,520,600,3.0,2,11.92504173829169
1829,7,7,2,2,613,941,941,3.0,2,12.37581963951765
1516,6,6,2,1,472,1516,1516,2.0,1,12.025755079404917
1144,5,6,2,1,456,1144,1144,2.0,1,11.849047640327147
1067,4,4,2,2,436,1067,1067,3.0,2,11.759793355371237
1559,5,5,2,1,812,1559,1559,2.0,1,11.941462360646149
987,6,5,1,1,264,483,483,2.0,1,11.51293546492023
1099,5,6,1,2,352,1099,1099,3.0,1,11.87757552297847
1200,5,6,1,1,240,768,768,2.0,1,11.779136168550774
1482,6,7,1,0,400,810,672,2.0,2,11.849404844423074
1539,5,8,2,2,686,958,650,2.0,2,11.967187086434018
1165,6,6,2,1,490,1165,1127,2.0,1,12.071975378543236
1800,5,10,0,1,0,1800,1800,2.0,2,11.856522261533737
1416,5,7,3,1,720,876,876,2.0,1,11.944064817531656
1701,5,6,2,1,611,1701,1390,3.0,2,12.049424683420915
1775,7,7,2,2,425,1006,740,3.0,2,12.269052139516223
864,5,5,1,1,338,864,864,2.0,1,11.80186424743109
2358,6,10,2,1,360,1307,907,2.0,3,12.388398368982115
1855,6,7,2,1,512,1094,528,2.0,2,12.138869243416009
848,6,3,2,2,420,848,848,3.0,1,11.78676973513378
1456,8,7,2,2,400,1456,1273,3.0,2,12.278397958261774
1646,7,7,1,1,240,918,918,2.0,2,12.00762780434872
1445,6,7,2,1,645,1445,1127,2.0,1,11.970356641102999
1779,5,6,2,1,454,1779,1763,2.0,1,12.04355959836804
1040,5,6,1,1,260,1040,1040,2.0,1,11.751950239425476
1026,6,5,2,1,576,1026,940,3.0,1,11.898194668458823
1481,6,6,2,1,343,702,702,3.0,2,12.066816325306588
1370,7,6,2,1,479,1370,1090,3.0,2,11.931642378754141
2654,6,9,2,2,619,1512,1054,2.0,2,12.429220196836383
1426,7,7,1,2,216,912,912,2.0,1,12.154521423145216
1039,5,6,2,1,504,1039,1039,2.0,1,11.78676973513378
1097,6,6,2,1,480,1097,1040,3.0,2,11.931642378754141
1148,5,6,1,1,672,1148,1148,2.0,1,11.794345471549745
1372,7,6,2,2,529,1372,1372,4.0,2,12.43153750053306
1002,5,5,2,1,902,1002,1002,2.0,1,11.908346971208951
1646,8,6,3,2,870,1646,1638,3.0,2,12.424810506025395
1120,4,5,2,0,544,1120,1040,2.0,1,11.767575435251748
2320,5,7,2,1,672,1547,0,0,2,12.037659911047468
1949,7,8,2,2,574,1062,1050,3.0,2,12.371591321286905
894,5,5,1,1,308,894,894,2.0,1,11.603688960617083
1682,6,7,2,2,523,804,804,3.0,2,12.208574513247495
910,5,5,2,2,414,910,105,2.0,1,11.661354090741
1268,5,6,1,1,288,1036,832,2.0,1,11.798111925972618
1131,5,5,1,1,200,676,676,2.0,1,11.104972264124868
2610,8,11,2,3,550,1184,1184,3.0,2,12.623064399210183
1040,4,5,2,1,648,1040,1064,2.0,1,11.792456911128632
2224,9,10,3,3,738,1462,1462,4.0,2,12.765691290604371
1155,5,6,2,2,576,1155,1109,2.0,1,11.904974309480183
864,5,6,1,1,336,864,864,2.0,1,11.824087219587643
1090,5,5,2,1,450,1090,1090,4.0,1,11.964007453736912
1717,7,7,2,2,400,1187,1156,3.0,2,12.141539457711714
1593,6,7,2,1,389,808,808,3.0,2,12.08954444723597
2230,4,10,1,1,440,954,795,2.0,1,11.682676678340282
892,5,5,1,1,288,892,892,2.0,1,11.51293546492023
1709,9,5,2,2,506,1709,1698,4.0,2,12.70351207261035
1712,5,8,2,1,588,1712,1626,2.0,2,11.884495917930655
1393,5,8,1,1,300,872,816,2.0,1,11.816734299348461
2217,8,8,2,2,621,2217,2217,2.0,2,12.498745990829315
1505,6,6,2,1,505,1505,1505,2.0,1,11.915058360753719
924,5,6,2,1,576,672,672,2.0,1,11.719134432217524
1683,6,7,2,1,440,918,918,2.0,2,12.058158312538197
1068,6,6,1,1,264,1068,1059,2.0,1,11.947955847790901
1383,5,6,1,1,354,1383,1383,3.0,1,12.013706813470414
1535,5,8,2,1,400,1535,0,0,2,11.685693195625964
1796,6,8,2,1,483,983,780,2.0,1,11.849404844423074
951,4,6,1,1,327,951,951,2.0,1,11.575909653758895
2240,5,12,2,1,528,1120,0,0,2,11.870278179170796
2364,9,11,3,3,820,2364,2330,4.0,2,13.323928581764989
1236,5,6,1,1,288,1236,912,2.0,1,11.813037464800539
858,4,4,1,1,684,858,858,2.0,1,11.608244735642321
1306,5,5,1,1,756,1306,992,2.0,1,11.938199736300925
1509,7,8,2,2,393,807,783,3.0,2,12.100717685412471
1670,7,7,3,2,690,1670,1670,3.0,2,12.388398368982115
902,5,6,1,1,288,902,876,2.0,1,11.74006900564972
1063,5,6,1,1,280,1063,1056,2.0,1,11.759793355371237
1636,8,8,3,2,865,1636,1623,3.0,2,12.449022745701502
2057,7,6,1,2,180,1020,1017,3.0,1,12.429220196836383
902,5,5,2,1,484,902,864,3.0,1,11.782960235741939
1484,6,8,2,2,390,742,742,3.0,2,12.066816325306588
2274,5,12,2,1,480,1105,1105,2.0,2,11.946660519211651
1268,5,5,1,2,252,1268,1268,3.0,1,11.874097282798648
1015,5,6,1,1,450,1015,768,2.0,1,11.385103457032141
2002,5,8,3,1,871,1001,1001,2.0,2,11.884495917930655
1224,6,4,2,2,528,612,612,3.0,2,12.065280672855897
1092,4,6,1,1,286,546,546,2.0,1,11.225256725762893
480,2,4,1,1,308,480,480,2.0,0,10.471978128496518
1229,4,6,1,1,284,1229,1134,2.0,1,11.813037464800539
2127,7,8,3,2,833,912,1104,4.0,2,12.380030154325457
1414,6,6,2,1,601,1414,1184,3.0,1,12.081081821061819
1721,6,7,2,2,471,936,928,3.0,2,12.211065162153215
2200,5,9,0,1,0,1272,1272,2.0,2,11.890683588496984
1316,6,6,2,2,397,1316,1316,3.0,2,12.043500773454495
1617,6,5,2,2,533,1617,1604,3.0,2,12.170450649220749
1686,6,7,2,1,612,1686,1686,3.0,2,12.242891437918386
1126,5,6,2,3,540,1126,1126,3.0,2,12.07254696717504
2374,8,10,3,3,656,1234,1181,3.0,2,12.560247968016562
1978,7,9,2,1,486,1098,832,2.0,2,12.07824495582233
1788,8,7,2,3,522,1788,1753,3.0,2,12.373707715234994
2236,7,8,2,2,642,993,964,3.0,2,12.310437165348775
1466,8,7,3,2,610,1466,1466,3.0,2,12.211065162153215
925,5,5,1,1,429,925,925,2.0,1,11.674202123168433
1905,9,8,3,3,788,1905,1905,4.0,2,12.676079399771027
1500,7,6,2,2,570,1500,1500,3.0,2,12.154784614286667
2069,7,9,2,2,505,2069,585,3.0,2,12.396697137361691
747,4,5,2,1,528,747,600,1.0,1,11.288543647320601
1200,7,5,2,2,555,1200,1176,3.0,2,12.127575825689417
1971,7,8,2,2,689,1113,1113,3.0,2,12.441148720271016
1962,7,7,3,2,868,1391,1391,3.0,2,12.387560521575551
2403,7,10,1,1,349,1207,1032,2.0,2,12.406565597924235
1728,6,8,2,1,574,1728,1728,2.0,2,11.924379271639218
2060,7,8,2,2,390,1022,992,3.0,2,12.273735966890268
1440,4,8,0,1,0,1440,1440,3.0,2,11.918397239722838
1632,5,8,2,1,576,1632,1632,2.0,2,11.870606902224587
1344,6,7,2,2,525,1344,819,2.0,1,11.83138646878959
1869,5,7,2,1,456,1188,1088,2.0,1,11.735276702486741
1144,5,6,1,1,796,1144,1144,2.0,1,11.870606902224587
1629,8,9,3,2,808,1629,1616,3.0,2,12.506180941677357
1776,7,7,2,2,474,936,936,3.0,2,12.167856627501678
1381,6,5,2,2,676,1381,1161,2.0,1,12.193498926601634
864,5,5,2,2,720,864,864,2.0,1,11.767575435251748
965,5,6,1,1,300,965,828,2.0,1,11.694421681264394
768,5,5,1,1,396,768,768,3.0,1,11.804855999911272
1968,5,7,2,1,530,1168,784,2.0,2,12.055255569732177
980,6,4,0,1,0,980,945,3.0,2,11.755879486687116
1958,6,8,2,1,492,979,979,3.0,2,11.884495917930655
1229,6,5,2,1,462,561,561,3.0,1,11.728044909070785
1057,5,6,2,1,576,1057,1057,2.0,1,11.790564777297387
1337,7,6,2,2,531,1337,1337,3.0,2,12.128116509451258
1416,7,6,2,2,484,696,696,3.0,2,11.951186847493476
858,5,4,0,1,0,858,858,2.0,1,11.665655135642039
2872,6,11,2,1,619,1542,1330,3.0,2,12.513561021741964
1548,6,7,2,2,440,804,804,3.0,2,11.951186847493476
1800,9,7,2,3,702,1800,1800,4.0,2,12.384223015005313
1894,7,8,2,2,510,824,817,3.0,2,12.277932735946903
1484,6,8,2,2,393,783,783,3.0,2,12.094587859196112
1308,5,7,1,1,256,976,728,2.0,1,11.982935344196433
1098,5,6,1,1,260,1098,1098,2.0,1,11.813037464800539
968,3,6,0,1,0,600,600,2.0,1,10.542732775946709
1095,6,6,1,1,264,1095,588,2.0,1,11.849404844423074
1192,4,6,0,1,0,720,720,2.0,1,11.813037464800539
1626,7,6,2,2,474,764,764,3.0,2,12.06105265381003
918,6,5,1,1,264,918,918,3.0,2,11.507922973347437
1428,7,6,2,2,480,1428,1428,3.0,2,12.111767460549332
2019,7,8,2,2,532,1136,728,3.0,1,12.02874460037869
1382,7,6,2,2,490,673,673,3.0,2,12.013706813470414
869,4,4,0,0,0,869,440,3.0,1,11.356283350762888
1241,7,4,2,2,569,1241,1241,3.0,1,12.20557752297723
894,4,5,2,1,400,894,894,2.0,1,11.608244735642321
1121,5,5,2,1,480,1121,1121,2.0,1,11.842236406331555
999,7,6,2,3,588,999,944,2.0,1,12.091789104493502
2612,8,8,3,2,676,1276,1225,3.0,2,12.724869415131389
1266,7,6,2,2,388,1266,1266,3.0,2,11.982278882874377
2290,8,9,2,2,779,1149,1128,3.0,2,12.45254592991672
1734,5,8,2,2,539,1302,0,0,2,11.744045122410057
1164,5,5,1,1,240,1164,1164,2.0,1,11.736077016252437
1635,6,5,1,2,255,1001,485,2.0,1,11.669937760751914
1940,9,8,3,3,606,1940,1930,4.0,2,12.887129532148373
2030,6,8,2,2,551,1118,848,2.0,2,12.180759965737863
1576,7,6,2,2,614,778,770,3.0,2,12.190964083849375
2392,8,7,3,2,870,1407,1396,3.0,2,12.759960632315702
1742,8,8,2,2,424,916,916,2.0,1,12.031725210748633
1851,6,7,2,2,440,1020,822,2.0,2,12.138869243416009
1500,6,6,2,2,564,750,750,3.0,2,12.066241450757124
1718,10,7,3,3,786,1718,1700,4.0,2,12.729323752253295
1230,4,5,1,1,305,774,747,2.0,1,11.7085004721646
1050,5,6,1,1,368,1050,1050,2.0,1,11.824087219587643
1442,6,6,2,1,615,1442,1442,2.0,2,12.128116509451258
1077,3,6,1,1,210,1077,1007,2.0,1,11.418625774449598
1208,7,6,2,2,632,1208,1187,3.0,2,12.235636302128867
944,3,4,2,0,528,944,0,0,1,11.314486721293981
691,5,4,1,3,216,691,691,1.0,1,11.362114203075018
1574,8,7,3,2,824,1574,1574,3.0,2,12.354496960983985
1680,5,8,2,1,528,1680,1680,2.0,2,11.827049837927534
1504,7,7,2,2,457,1504,1346,3.0,2,12.10625783509458
985,5,6,1,1,328,985,985,3.0,2,11.917730355182513
1657,6,7,2,1,484,1657,1657,3.0,2,12.004574385508691
1092,4,6,1,1,286,546,546,2.0,1,11.385103457032141
1710,7,7,2,2,550,1710,1710,4.0,2,12.388398368982115
1522,5,7,0,1,0,1008,1008,2.0,2,11.532737896139919
1271,5,7,1,1,312,720,720,2.0,2,11.813037464800539
1664,5,8,0,1,0,1664,0,0,2,11.51293546492023
1502,6,7,1,2,180,900,602,2.0,1,12.013706813470414
1022,5,4,1,1,280,1022,1022,2.0,1,11.350418300109132
1082,6,5,1,1,240,1082,1082,2.0,1,11.688566422839942
1665,8,6,2,2,528,810,810,3.0,2,12.33270970174018
1504,7,6,2,2,478,1504,1504,3.0,2,12.220966184120165
1360,8,4,2,2,565,1360,1220,3.0,1,12.141539457711714
1472,7,7,2,2,402,802,384,3.0,2,11.982935344196433
1506,7,6,2,2,440,1506,1362,3.0,2,12.271349956195543
1132,4,5,2,2,451,1132,1132,3.0,1,12.07824495582233
1220,7,6,2,2,632,1220,1199,3.0,2,12.175618592671356
1248,5,6,1,1,160,912,912,2.0,1,11.373674891823535
1504,7,7,2,2,437,1504,1346,3.0,2,12.160033942617156
2898,8,10,2,2,665,2898,1565,3.0,2,12.567240979056246
882,5,5,2,1,461,882,882,2.0,1,11.630717389475995
1264,5,6,2,1,461,1264,1268,2.0,1,12.02874460037869
1646,8,7,3,2,800,1646,1638,3.0,2,12.588194064175278
1376,5,6,1,1,240,968,768,2.0,1,11.561725152903833
1218,6,7,1,1,264,672,672,2.0,1,11.678448377988165
1928,5,10,0,1,0,948,686,2.0,2,11.982935344196433
3082,7,12,2,1,672,1687,824,2.0,2,12.190964083849375
2520,8,10,3,2,796,1352,1338,3.0,2,12.644330802262578
1654,7,6,3,2,900,1654,1654,3.0,2,12.345838935721968
954,5,5,1,0,240,954,920,1.0,1,11.693169865968983
845,4,5,1,1,290,845,0,0,1,11.338583982516495
1620,9,6,3,3,912,1620,1620,4.0,2,12.66191713053049
2263,8,7,2,2,905,1055,1055,3.0,2,12.567240979056246
1344,4,6,0,1,0,798,546,2.0,1,11.48247656671073
630,4,3,1,1,286,630,630,3.0,1,11.289794413577894
1803,5,8,2,1,484,1803,1134,2.0,2,11.951186847493476
1632,6,7,2,2,484,800,800,2.0,1,12.06105265381003
1306,6,5,2,2,624,1306,1306,3.0,2,12.185875040240456
2329,7,10,2,2,514,1532,1475,3.0,2,12.47717172708952
2524,8,9,2,2,542,2524,2524,3.0,2,12.535379989788607
1733,3,8,2,1,452,1733,0,0,2,11.846543632608535
2868,9,11,3,3,716,1992,1992,4.0,3,13.229569788348705
990,5,5,2,1,672,990,990,3.0,1,11.884495917930655
1771,5,9,2,1,336,1771,0,0,1,11.652696102959753
930,4,6,1,2,308,930,0,0,1,11.349241150793087
1302,7,6,2,2,436,1302,1302,3.0,2,12.080996832096167
1316,7,6,2,2,440,1316,1316,3.0,2,12.206782393599413
1977,6,9,2,1,540,1127,816,2.0,1,12.013706813470414
1526,5,7,1,1,364,1526,1216,2.0,1,11.881041706925902
1989,8,7,2,2,586,1091,1065,3.0,2,12.449022745701502
1523,6,7,2,1,478,1523,1193,3.0,2,12.100717685412471
1364,7,6,2,2,484,1364,1364,3.0,2,12.13270055639427
1850,7,7,2,2,467,979,973,3.0,2,12.421188057397055
2184,9,10,3,3,836,1130,1104,4.0,2,12.721888795877375
1991,6,7,2,1,432,1096,854,2.0,1,12.301387370778713
1338,8,6,2,2,582,1338,1338,3.0,2,12.271396795480596
894,3,6,3,1,1248,894,894,2.0,1,11.302216779257382
2337,5,10,2,1,560,1422,662,2.0,2,11.407576060361786
1103,6,5,2,2,440,1103,1103,2.0,1,11.612779849672751
1154,5,6,2,1,480,1154,1154,2.0,1,11.944714374881176
2260,7,7,2,2,533,1306,1306,4.0,2,12.700771936142122
1571,6,7,2,1,380,799,799,3.0,2,12.08954444723597
1611,6,7,2,1,442,798,780,2.0,1,12.031129798974042
2521,6,10,2,1,576,1291,942,3.0,2,11.927687224983487
893,5,4,2,2,576,893,845,2.0,1,11.813037464800539
1048,5,6,1,1,286,1048,1048,2.0,1,11.813037464800539
1556,6,8,2,1,441,829,727,2.0,1,11.944714374881176
1456,5,7,1,1,280,1002,810,1.0,1,11.424105180165641
1426,6,6,2,1,440,698,690,2.0,1,11.979805470779858
1240,7,5,3,2,826,1240,1240,3.0,2,12.175618592671356
1740,7,6,1,1,240,960,800,2.0,1,12.299112067295642
1466,5,7,2,2,566,1096,796,1.0,2,12.04355959836804
1096,5,6,1,1,299,1096,1096,2.0,1,11.840796531639839
848,6,3,2,2,420,848,848,3.0,1,11.956976469393481
990,5,5,1,1,299,990,990,3.0,1,11.744045122410057
1258,6,5,2,2,528,1258,1258,2.0,2,11.884495917930655
1040,5,5,1,1,308,1040,1040,2.0,1,11.798111925972618
1459,7,6,2,2,527,1459,1459,3.0,2,12.165255859329688
1251,6,6,1,1,461,1251,1251,2.0,1,11.982935344196433
1498,6,6,2,1,409,691,691,3.0,2,12.141539457711714
996,6,5,2,2,564,996,936,3.0,1,11.898194668458823
1092,4,6,1,1,286,546,546,2.0,1,11.332613886815139
1953,8,9,3,2,1043,1082,1082,3.0,2,12.437188334739655
1709,7,7,2,2,380,970,970,3.0,2,11.83138646878959
1247,8,4,2,2,550,1247,1247,3.0,1,12.190964083849375
1040,3,6,2,1,400,1040,0,0,2,11.439289689006644
1252,7,4,2,2,462,624,600,3.0,2,11.982935344196433
1694,6,7,2,1,576,1390,1181,2.0,2,11.824087219587643
1200,5,6,2,2,884,1200,864,2.0,1,11.891368749982085
936,5,4,1,1,308,936,936,2.0,1,11.767575435251748
1314,6,6,2,2,440,1314,1314,3.0,2,12.080696479888447
1355,6,7,0,2,0,773,684,2.0,1,11.751950239425476
1088,8,5,2,2,461,1088,1074,3.0,1,12.04355959836804
1324,4,6,1,1,240,757,672,2.0,1,11.759793355371237
1601,7,7,2,1,478,1601,1271,3.0,2,11.964007453736912
438,2,3,1,0,246,438,290,2.0,1,11.002116507732017
950,5,5,1,1,280,950,950,2.0,1,11.691080018519527
1134,5,6,1,1,254,1134,1010,2.0,1,11.813037464800539
1194,6,6,2,1,539,1194,655,2.0,1,11.979805470779858
1302,5,6,2,1,440,630,630,2.0,2,11.571203807011969
2622,8,9,2,2,712,1500,1463,4.0,2,12.691583538230217
1442,7,6,2,2,719,1442,910,3.0,2,12.100161978566867
2021,7,9,2,2,422,887,868,4.0,2,12.52352951631214
1690,6,7,2,1,463,948,924,3.0,2,12.10625783509458
1836,8,7,3,2,862,1836,1836,4.0,2,12.54254845357358
1658,6,8,2,1,431,773,773,3.0,2,12.144202560946876
1964,7,8,2,1,483,1098,803,2.0,2,12.230770136157428
816,5,5,1,1,308,816,816,2.0,1,11.774527900858468
1008,5,6,1,2,240,1008,1008,2.0,1,11.80932691294063
833,5,4,1,2,326,833,833,2.0,1,11.669937760751914
1734,8,7,3,3,928,1734,1734,4.0,2,12.669809806411457
1419,8,7,2,2,527,779,408,3.0,2,12.123239799036943
894,5,5,2,2,450,894,894,2.0,1,11.775297421715827
1601,5,6,1,1,300,1021,533,2.0,1,11.849404844423074
1040,5,6,1,1,286,1040,1040,2.0,1,11.803361242493628
1012,6,6,1,1,308,1012,1012,2.0,1,11.681832447342321
1552,7,7,3,2,782,1552,1552,3.0,2,12.268582547911404
960,4,5,1,1,288,960,672,2.0,1,11.626263078808801
698,5,4,0,1,0,698,698,2.0,1,11.678448377988165
1482,7,7,2,2,392,812,384,3.0,2,12.007017865994577
1005,4,5,2,0,672,1005,1005,2.0,1,11.652696102959753
1555,7,7,3,2,660,1555,1373,3.0,2,12.066816325306588
1530,7,7,3,2,630,1530,1530,3.0,2,12.464587201678082
1959,7,8,2,2,434,847,847,3.0,2,12.278397958261774
936,5,4,2,1,672,936,936,3.0,1,11.849404844423074
1981,4,7,2,2,576,1328,1122,2.0,2,11.813037464800539
974,5,5,0,1,0,974,974,3.0,1,11.445727410406752
2210,6,8,1,0,205,1178,1008,2.0,2,11.674202123168433
2020,8,8,2,2,466,1142,1128,3.0,2,12.386312871189734
1600,6,7,2,1,460,916,916,3.0,2,12.037659911047468
986,6,5,1,1,180,986,960,2.0,1,11.532737896139919
1252,6,6,1,1,288,1032,1032,2.0,1,11.686887175419702
1020,5,6,0,1,0,780,780,2.0,1,11.451060699493427
1567,6,5,2,2,714,1567,1567,2.0,2,12.185875040240456
1167,5,6,2,1,495,1167,915,2.0,1,11.87757552297847
952,5,4,2,1,840,952,952,2.0,1,11.842236406331555
1868,5,9,2,2,484,1088,780,2.0,2,12.193498926601634
2828,8,11,3,2,1052,1466,1466,4.0,3,12.959540872420414
1006,5,5,0,1,0,1006,1006,2.0,1,11.289794413577894
924,4,5,1,0,280,672,672,3.0,1,11.289794413577894
1576,5,8,1,1,225,1042,1042,2.0,1,11.91170829631447
1298,6,5,2,2,403,1298,1298,3.0,2,12.100717685412471
1564,7,7,1,0,234,860,704,2.0,1,12.069685751267224
1111,7,5,1,1,288,572,572,2.0,1,11.669082701743504
1482,7,7,2,1,324,832,650,2.0,1,11.870606902224587
932,6,4,1,2,306,932,932,2.0,1,11.728044909070785
1466,5,6,2,0,528,1466,1466,2.0,1,11.917730355182513
1811,6,6,2,3,470,1811,1073,2.0,1,12.345838935721968
816,6,5,1,1,432,816,816,2.0,1,11.699413330633599
1820,7,8,2,2,492,902,864,2.0,1,12.215037342290755
1437,5,6,2,2,528,1437,1437,3.0,2,12.292254928916668
1265,5,6,2,2,502,1265,1219,2.0,2,12.100161978566867
1314,7,6,2,2,626,1314,1314,3.0,2,12.345838935721968
1580,8,7,3,2,830,1580,1580,3.0,2,12.367889578686164
1876,6,8,2,2,540,943,901,2.0,2,12.128116509451258
1456,6,7,2,1,440,855,855,3.0,2,11.891368749982085
1640,6,7,2,2,924,1640,1296,2.0,1,12.319405795112926
894,5,5,2,1,450,894,894,3.0,1,11.767575435251748
1258,4,6,2,1,400,1258,1198,3.0,0,11.59873612138334
1432,5,5,2,2,588,1432,1360,3.0,1,12.175618592671356
1502,7,7,2,2,644,1502,1502,3.0,2,12.359527368950229
1694,8,7,3,2,776,1694,1694,3.0,2,12.41044511731981
1671,6,7,2,1,472,959,959,3.0,2,12.06105265381003
2108,6,7,2,2,540,1236,1127,2.0,2,12.367345048436391
3627,10,10,3,2,807,1831,1930,4.0,3,13.345508528717259
1118,6,6,1,1,358,1118,1096,2.0,1,12.049424683420915
1261,6,6,2,1,433,1261,1261,2.0,1,12.001511614739405
1250,7,5,2,2,625,625,625,3.0,2,12.05467400868968
3086,5,12,0,3,0,1636,1598,2.0,3,12.208574513247495
2345,6,9,2,1,360,1170,952,3.0,2,12.384223015005313
2872,8,9,2,2,541,2129,1683,3.0,2,12.560247968016562
923,5,5,1,1,264,923,876,2.0,1,11.691080018519527
1224,6,5,1,1,210,818,818,2.0,1,11.652696102959753
1343,5,7,1,1,186,820,731,2.0,1,11.950541482162043
1124,5,5,0,1,0,1124,0,0,1,11.440365524765756
2514,7,8,2,1,693,1298,1216,3.0,2,12.429220196836383
1652,8,5,2,2,482,1652,1600,4.0,2,12.880294363972055
4476,10,10,3,3,813,2411,2396,4.0,3,13.521140839642674
1130,5,5,2,1,720,1130,1120,2.0,1,11.695255355062795
1572,5,5,3,1,995,1572,1572,2.0,1,12.137263685701864
1221,5,7,1,1,392,949,784,2.0,1,11.560772327227417
1699,3,7,2,1,420,1014,978,1.0,2,11.461642696843066
1624,8,5,3,2,757,1624,1624,3.0,2,12.476103599529843
1660,7,7,2,2,493,831,831,3.0,2,12.180759965737863
1804,7,7,2,2,442,1028,994,2.0,2,12.149507585033072
1622,4,7,4,1,1356,1622,1249,2.0,1,12.031725210748633
1441,8,5,2,2,492,764,776,3.0,2,12.066816325306588
1472,5,6,1,2,250,842,702,2.0,1,11.736077016252437
1224,6,5,2,1,402,1224,1224,4.0,2,12.013706813470414
1352,6,7,1,1,299,663,663,2.0,1,11.970356641102999
1456,6,8,2,2,400,728,728,3.0,2,12.07824495582233
1863,7,9,3,2,660,879,879,3.0,2,12.29779001527865
1690,7,7,1,1,225,815,815,2.0,1,11.87757552297847
1212,7,6,2,2,573,1212,1212,3.0,2,12.08954444723597
1382,4,6,2,1,459,1382,1051,2.0,1,11.904974309480183
864,4,5,1,1,280,864,864,2.0,1,11.6617850286409
1779,7,6,2,2,546,866,866,3.0,2,12.19552218463499
1348,5,5,1,1,216,884,884,2.0,1,11.669937760751914
1630,7,6,2,2,451,1630,1630,3.0,2,12.269052139516223
1074,5,6,2,1,495,1074,1056,3.0,1,11.941462360646149
2196,7,7,3,2,701,2196,2158,3.0,2,12.513193308436527
1056,4,5,1,1,384,1056,1056,2.0,1,11.580593459194764
1700,6,7,2,2,544,1700,1682,3.0,2,12.206077645517674
1283,5,6,2,1,506,1283,931,2.0,1,11.849404844423074
1660,8,8,2,2,500,1660,1660,4.0,2,12.577639650232573
1845,6,8,2,2,462,1055,1055,3.0,2,12.149507585033072
1752,8,8,2,1,492,1080,559,3.0,2,12.00762780434872
672,4,4,1,1,234,672,672,2.0,1,11.635151947212842
960,4,3,1,1,364,960,648,2.0,0,11.884495917930655
999,5,6,1,1,300,999,925,2.0,1,11.80932691294063
894,5,5,1,1,384,894,894,2.0,1,11.736077016252437
1902,6,8,2,1,539,1318,0,0,2,11.626263078808801
1314,8,6,2,2,552,1314,1300,3.0,2,12.343470927093518
912,4,3,0,1,0,672,0,0,1,11.296024885689746
1218,6,7,0,1,0,672,672,2.0,1,11.424105180165641
912,5,5,1,1,288,912,912,2.0,1,11.652696102959753
1211,5,5,1,1,322,1211,952,2.0,1,11.80560254159177
1846,6,7,1,1,315,1168,1040,2.0,2,11.870606902224587
2136,5,7,2,1,528,2136,2136,2.0,2,11.834291315386718
1490,7,8,2,2,388,788,788,3.0,2,12.122696471358964
1138,6,6,1,1,264,1138,588,2.0,1,11.884495917930655
1933,6,9,3,2,668,894,894,3.0,2,12.273735966890268
912,5,5,2,2,576,912,912,2.0,1,11.898194668458823
1702,9,7,3,3,1052,1702,1702,4.0,1,12.813920618864572
1507,5,7,1,1,404,1507,1075,2.0,2,11.751950239425476
2620,5,12,2,1,600,1361,1361,3.0,2,12.154784614286667
1190,5,6,2,1,540,1190,1106,2.0,1,11.794345471549745
1224,4,6,2,1,462,1224,0,0,2,11.530775206233024
1188,5,6,2,1,531,1188,1188,2.0,1,11.863589378812122
1964,5,7,0,1,0,1024,940,2.0,1,11.775297421715827
1784,5,9,1,1,180,892,747,3.0,1,11.841423131921784
1626,7,6,2,2,474,764,764,3.0,2,12.075400019877522
1948,7,8,2,2,434,847,847,3.0,2,12.180759965737863
1141,6,6,2,1,484,1141,1141,3.0,1,11.86710429621008
1484,8,6,2,3,472,1484,1476,3.0,2,12.490879338036375
1768,7,8,2,2,543,884,884,3.0,2,12.323415584358154
1689,7,7,3,2,954,1689,1689,3.0,2,12.42250975887691
1173,7,6,2,2,528,1173,1053,3.0,2,12.04355959836804
2076,10,7,3,3,850,2076,2076,4.0,2,13.049794835104816
1517,8,7,2,2,400,792,792,3.0,1,12.345838935721968
1868,6,7,2,1,477,1140,585,3.0,3,12.08954444723597
1553,7,6,2,2,615,756,756,3.0,2,12.136191879981927
1034,6,6,3,1,888,1034,1012,2.0,1,12.042971193457888
2058,6,8,2,1,396,1134,735,3.0,1,11.771443882099637
988,5,6,1,1,276,988,876,2.0,1,11.686887175419702
2110,7,8,2,3,522,2110,2110,2.0,2,12.404927602627597
1405,7,6,2,2,478,1405,1405,3.0,2,12.053801032483948
874,5,5,1,1,288,874,864,2.0,1,11.775297421715827
2167,7,9,2,2,518,1516,1192,2.0,2,12.591338447675579
1656,7,7,2,2,397,760,746,3.0,2,12.016128107502665
1367,6,6,1,1,560,959,884,2.0,1,11.755879486687116
1987,8,7,2,2,691,1987,1986,3.0,2,12.616528611893463
864,5,4,0,1,0,864,864,1.0,1,11.511934974596555
1166,7,5,2,2,400,1166,856,3.0,2,12.154784614286667
1054,6,6,2,1,460,1054,1054,3.0,1,11.92504173829169
1675,6,7,2,1,502,892,841,3.0,2,12.10625783509458
1050,5,5,1,1,338,1050,1050,2.0,1,11.766799946849087
1788,4,8,1,1,304,1104,1104,2.0,1,11.992266613576142
1824,6,8,2,1,520,1060,764,2.0,1,12.103491596905931
1337,6,5,2,2,511,1337,1405,3.0,2,12.10625783509458
1452,7,6,2,2,506,713,691,3.0,2,12.12215284831553
1889,7,9,1,1,308,964,925,2.0,1,11.711784520403112
2018,9,10,3,3,746,2018,2002,4.0,2,12.843973993864076
3447,8,11,3,2,1014,1968,728,2.0,3,12.850557278777309
1524,5,7,1,1,315,874,874,2.0,1,11.87757552297847
1524,7,4,2,2,586,1332,1332,3.0,0,12.468440756144114
1489,6,7,2,2,462,1489,1489,2.0,2,12.132162346145595
935,5,5,1,1,288,935,935,2.0,1,11.827743504053695
1357,6,5,1,3,312,1357,1019,2.0,1,12.083910661257521
1250,5,8,2,1,552,661,661,2.0,2,11.842236406331555
1920,5,10,2,1,400,928,928,2.0,2,11.827743504053695
1395,6,6,2,1,497,735,723,2.0,1,11.995357787034976
1724,6,7,2,1,480,1724,1680,3.0,1,12.19552218463499
2031,8,7,2,2,577,1128,1128,3.0,2,12.37581963951765
1128,4,6,2,1,528,698,698,2.0,1,11.133142723386813
1573,7,6,2,2,544,1573,1573,3.0,2,12.33270970174018
1339,7,6,2,1,484,1339,1309,3.0,2,12.100717685412471
1040,5,5,2,2,484,1040,1040,3.0,2,11.921725007667265
1824,6,8,0,1,0,912,912,2.0,2,11.842236406331555
2447,6,10,1,2,336,1699,804,2.0,2,12.037659911047468
1412,6,6,1,1,280,825,780,2.0,1,11.794345471549745
1328,6,6,2,1,528,1328,1328,2.0,1,11.870606902224587
1582,5,7,2,1,390,1582,1624,2.0,2,12.154784614286667
1659,8,5,2,3,499,1659,1501,3.0,2,12.535379989788607
1970,8,8,3,3,753,1120,1085,3.0,2,12.546113507028412
1152,5,6,2,1,484,1152,1152,2.0,1,12.103491596905931
1302,5,6,1,1,264,630,630,2.0,2,11.691080018519527
2372,5,11,1,1,432,1378,994,2.0,2,11.58525542883217
1664,7,8,2,1,528,832,832,3.0,2,12.000897933306716
864,5,5,2,1,572,864,864,2.0,1,11.652696102959753
1052,5,5,1,1,288,1052,1052,2.0,1,11.83863282480007
1128,5,6,2,1,525,1128,1120,2.0,2,11.951186847493476
1072,6,5,2,1,525,1072,547,3.0,2,11.849404844423074
5642,10,12,2,3,1418,4692,6110,4.0,2,11.982935344196433
1246,5,6,1,2,305,1246,1246,2.0,1,11.944714374881176
1983,7,9,2,2,490,1005,978,3.0,2,12.323860125621126
1494,6,7,1,2,213,753,771,2.0,1,12.086731521684555
2526,8,8,3,2,844,1203,1165,3.0,2,12.577639650232573
1616,7,7,3,2,834,1616,1616,3.0,2,12.354496960983985
1708,7,7,2,2,380,976,976,3.0,2,11.775297421715827
1652,9,6,2,3,840,1652,1652,4.0,2,12.691583538230217
1368,7,6,2,2,474,1368,1368,3.0,2,12.218500103788143
990,5,5,2,1,480,990,990,3.0,1,11.835016210489899
1122,5,6,2,2,528,1122,924,2.0,1,11.898194668458823
1294,6,6,2,2,496,1294,1278,3.0,2,12.09626335986454
1902,7,7,2,3,567,1902,1902,3.0,2,12.721888795877375
1274,7,6,2,2,508,1274,1274,3.0,2,12.220966184120165
2810,8,9,2,2,750,1453,1453,4.0,2,12.618185607609803
2599,9,10,3,2,779,1422,1393,3.0,2,12.716405147731708
948,4,5,1,1,280,948,948,2.0,1,11.686887175419702
2112,6,9,2,1,576,1092,952,1.0,2,12.239995696974733
1630,8,8,3,3,860,1630,1622,4.0,2,12.596403811053621
1352,7,5,2,2,466,1352,1352,4.0,2,12.249615734512616
1787,8,7,3,2,748,1787,1753,3.0,2,12.524530013005734
948,4,5,1,1,248,948,864,2.0,1,11.6172944892629
1478,6,6,2,1,442,1478,1478,2.0,1,11.960817678718287
720,3,4,1,1,287,720,0,0,1,11.19135563385109
1923,7,8,2,2,564,1061,750,3.0,2,12.154784614286667
708,4,5,0,0,0,708,420,2.0,1,11.320565693461432
1795,8,7,3,2,895,1795,1795,4.0,2,11.898194668458823
796,4,5,0,1,0,796,796,2.0,1,10.915106645867503
774,3,6,0,2,0,774,544,2.0,1,11.277215789596893
816,5,5,1,2,264,816,816,2.0,1,11.779136168550774
2792,6,8,2,1,520,1584,1510,3.0,2,12.45293662970407
1632,7,8,2,1,462,955,935,3.0,2,12.081081821061819
1588,8,7,3,2,825,1588,1588,3.0,2,12.33270970174018
954,5,6,2,1,576,954,911,2.0,1,11.794345471549745
816,4,3,1,1,288,816,816,2.0,1,11.51293546492023
1360,5,6,1,2,297,803,803,2.0,1,11.74006900564972
1365,5,7,2,1,440,765,765,2.0,1,11.736077016252437
1334,6,6,2,1,630,1334,1350,3.0,2,12.031129798974042
1656,5,8,2,1,506,1656,1656,2.0,2,11.813037464800539
693,4,4,0,0,0,693,693,2.0,1,10.868587496017359
1861,7,8,2,2,492,920,916,3.0,2,12.206077645517674
864,5,5,1,1,288,864,864,2.0,1,11.763691965388299
872,4,5,4,1,480,872,858,2.0,1,11.719947764402807
1114,6,6,2,2,576,1114,1114,3.0,1,11.951186847493476
2169,8,7,2,2,647,1284,1284,3.0,2,12.339295865674435
1913,6,9,2,1,342,1172,896,2.0,1,12.083910661257521
1456,7,8,2,2,440,728,728,3.0,2,11.95655945119582
960,4,5,1,0,308,960,960,2.0,1,11.59451466851004
2156,7,9,2,1,508,2156,1568,2.0,2,12.47801017053037
1776,8,7,3,2,712,1776,1732,4.0,2,12.554840409959793
1494,7,5,2,2,514,1494,1482,3.0,2,12.278397958261774
2358,8,8,0,1,0,938,684,2.0,2,11.711784520403112
2634,5,12,4,1,968,1338,1248,2.0,2,12.206077645517674
1716,6,8,2,1,490,858,858,2.0,1,12.049424683420915
1176,6,4,2,1,624,786,698,2.0,1,11.812296455066814
3238,8,9,3,2,666,2053,2033,3.0,2,12.923914877701906
1865,7,7,3,2,839,992,992,3.0,2,12.367345048436391
1920,7,8,2,2,487,1222,570,2.0,3,12.04355959836804
892,5,5,1,1,264,892,864,2.0,1,11.608244735642321
1078,5,6,2,1,500,1078,1078,2.0,1,11.917730355182513
1573,6,5,2,2,440,769,756,3.0,2,12.086731521684555
1980,9,8,3,3,770,1980,1980,4.0,2,12.660331092405906
2601,5,8,2,1,621,990,612,2.0,3,12.149507585033072
1530,7,7,2,2,430,1530,1530,4.0,2,12.468440756144114
1738,4,7,1,1,368,1281,715,2.0,2,11.560772327227417
1412,6,6,2,2,432,616,616,3.0,2,11.963574241653713
1200,7,4,2,2,480,520,600,3.0,2,11.878630514504515
1674,7,7,2,2,663,814,814,3.0,2,12.283038316285214
1790,7,7,2,2,588,882,873,3.0,2,12.170450649220749
1475,5,6,1,1,336,925,757,2.0,2,11.751950239425476
848,6,4,2,2,420,848,848,3.0,1,11.87757552297847
1668,8,8,2,2,502,1668,1657,3.0,2,12.354496960983985
1374,4,6,1,1,338,840,840,2.0,1,11.561725152903833
1661,6,8,1,2,377,1661,992,2.0,1,12.016732516077072
2097,7,8,2,2,583,1108,1108,3.0,2,12.521981322562505
2633,10,8,3,3,804,2633,2633,4.0,2,13.05301544288996
1958,7,9,3,2,936,1026,1026,3.0,2,12.429220196836383
1571,8,7,3,2,722,1571,1571,3.0,2,12.384223015005313
790,6,4,1,1,160,790,768,3.0,1,11.418625774449598
1604,5,6,2,1,660,984,984,2.0,2,11.669937760751914
987,6,5,1,1,264,483,483,2.0,1,11.326607934898927
1394,5,7,2,2,400,754,384,3.0,2,12.02874460037869
864,3,5,1,1,200,864,864,2.0,1,10.97679912709094
2117,6,7,2,1,550,2117,1205,2.0,2,12.377927112974284
1762,7,8,2,2,576,998,596,1.0,1,11.964007453736912
1416,5,7,2,2,576,1416,816,2.0,2,11.626263078808801
1258,6,6,1,1,280,698,560,2.0,1,11.561725152903833
1154,4,7,1,2,240,796,796,2.0,1,11.74006900564972
2784,7,12,2,2,564,1392,1392,3.0,3,12.429220196836383
2526,6,10,1,2,216,1664,714,2.0,2,11.820417517632333
1746,9,7,3,3,758,1746,1746,4.0,2,12.84132849667433
1218,6,6,2,1,440,869,735,2.0,1,11.782960235741939
1525,7,6,2,2,541,1525,1525,3.0,2,12.367345048436391
1584,5,8,3,1,792,1584,1584,2.0,2,11.728044909070785
900,5,6,1,1,288,900,864,2.0,1,11.719947764402807
1912,6,7,2,1,672,1221,482,1.0,2,12.001511614739405
1500,7,6,3,2,648,1500,1356,3.0,2,12.415437707935368
2482,8,9,3,2,642,1133,1094,3.0,2,12.546871224308068
1687,5,7,2,1,572,1687,747,2.0,1,11.982935344196433
1513,5,8,1,1,180,939,939,2.0,1,11.83138646878959
1904,5,7,1,1,240,1136,1208,2.0,1,11.835016210489899
1608,6,7,1,2,216,1160,976,2.0,2,11.831022768939789
1158,6,5,1,1,208,950,862,2.0,1,11.695255355062795
1593,6,8,2,1,398,864,839,2.0,2,12.170450649220749
1294,7,6,2,2,662,1294,1286,3.0,2,12.174994689959313
1464,8,6,3,2,754,1464,1485,3.0,2,12.552930054797935
1214,3,6,3,1,936,694,672,2.0,1,11.561725152903833
1646,8,5,2,2,482,1646,1594,4.0,2,12.524530013005734
768,5,5,2,1,396,768,768,3.0,1,11.798111925972618
833,5,5,0,1,0,833,833,2.0,1,11.626263078808801
1363,4,6,2,1,528,741,622,1.0,1,11.74006900564972
2093,7,7,2,1,542,1236,791,3.0,2,12.278397958261774
1840,7,6,2,2,622,944,944,3.0,2,12.345838935721968
1668,6,6,1,1,271,1112,856,2.0,1,11.849404844423074
1040,4,6,2,1,420,1040,0,0,2,11.407576060361786
1844,8,7,2,2,620,1844,1844,3.0,2,12.456835254920371
1848,6,8,2,2,370,1053,833,2.0,1,12.240478903153711
1569,7,7,3,2,660,1569,1386,3.0,2,12.077676615757813
2290,4,11,2,1,560,1246,777,2.0,2,11.715874472198905
2450,8,7,3,2,1069,1310,1284,3.0,2,12.73670383776449
1144,5,6,1,1,336,1144,1144,2.0,1,11.728044909070785
1844,6,7,2,2,540,1844,1844,2.0,2,12.314931534737134
1416,6,7,2,1,776,708,708,2.0,2,12.100161978566867
1069,6,4,2,1,440,1069,1069,3.0,2,11.755879486687116
848,6,3,2,2,420,848,848,3.0,1,11.824087219587643
2201,6,8,2,2,432,1575,697,3.0,2,12.524420916542532
1344,5,6,1,1,484,1344,1024,2.0,1,11.87757552297847
1252,6,7,2,2,528,1252,1252,2.0,1,11.863589378812122
2127,7,5,2,2,525,1223,1223,3.0,2,12.509877789891931
1558,5,6,1,1,288,1048,913,2.0,1,11.849404844423074
804,5,4,1,2,240,804,788,2.0,1,11.686887175419702
1440,6,7,2,2,467,1440,1440,3.0,2,12.116700301832573
1838,5,7,2,1,372,734,732,3.0,2,12.165984756488543
958,6,5,2,1,440,958,958,3.0,2,11.87583791515714
968,4,5,1,1,216,968,656,2.0,2,11.07443600653965
1792,6,8,2,1,451,962,936,3.0,2,12.136191879981927
1126,5,5,2,1,484,1126,1126,2.0,2,11.982935344196433
1537,6,7,2,2,462,1537,1319,2.0,1,12.066816325306588
864,4,5,2,1,528,864,864,2.0,1,11.699413330633599
1932,8,7,3,3,774,1932,1932,4.0,2,12.885673487343764
1236,6,6,2,1,923,1236,912,2.0,1,11.916395250412128
1725,7,6,2,1,550,1040,539,2.0,2,12.190964083849375
2555,6,11,2,1,672,1423,588,4.0,2,12.160033942617156
848,6,3,2,2,420,848,848,3.0,1,11.913719681428494
2007,10,10,3,3,812,1026,1017,4.0,2,12.644330802262578
952,6,4,1,0,192,952,952,2.0,1,11.703554089007538
1422,7,7,2,2,626,1422,1422,3.0,2,12.098493002763465
913,6,6,1,1,240,913,814,2.0,1,11.767575435251748
1188,5,6,1,1,312,1188,1188,2.0,1,11.969723533345908
2090,8,8,2,2,556,1220,1220,3.0,2,12.388398368982115
1346,4,6,1,1,384,796,560,1.0,1,11.626263078808801
630,5,3,0,3,0,630,630,3.0,1,11.429554725537322
1792,5,8,0,1,0,896,896,3.0,2,11.820417517632333
1578,8,7,3,3,840,1578,1573,3.0,2,12.567554517655415
1072,5,5,2,1,525,1072,547,3.0,1,11.884495917930655
1140,5,6,0,1,0,1140,1140,3.0,1,11.344518647594766
1221,7,6,2,2,400,1221,1221,3.0,2,12.128116509451258
1647,6,7,2,1,460,953,953,3.0,2,12.07254696717504
2073,6,7,2,1,500,2073,1542,3.0,2,12.25486757159303
2340,7,9,1,2,252,1188,1152,2.0,2,12.493133274926212
1078,5,5,1,2,240,1078,1078,2.0,1,11.864469267087891
